PassengerId,Survived,Pclass,Sex,Age,SibSp,Parch,Fare,Embarked,Sex_female,Sex_male,Embarked_C,Embarked_Q,Embarked_S,Pclass_1,Pclass_2,Pclass_3,Age,Sex_female,Sex_male,Embarked_C,Embarked_Q,Embarked_S,Pclass_1,Pclass_2,Pclass_3,Age
1,0,3,male,22.0,1,0,7.25,S,0,1,0,0,1,0,0,1,"(20, 40]",0,1,0,0,1,0,0,1,"(20, 40]"
2,1,1,female,38.0,1,0,71.2833,C,1,0,1,0,0,1,0,0,"(20, 40]",1,0,1,0,0,1,0,0,"(20, 40]"
3,1,3,female,26.0,0,0,7.925,S,1,0,0,0,1,0,0,1,"(20, 40]",1,0,0,0,1,0,0,1,"(20, 40]"
4,1,1,female,35.0,1,0,53.1,S,1,0,0,0,1,1,0,0,"(20, 40]",1,0,0,0,1,1,0,0,"(20, 40]"
5,0,3,male,35.0,0,0,8.05,S,0,1,0,0,1,0,0,1,"(20, 40]",0,1,0,0,1,0,0,1,"(20, 40]"
6,0,3,male,28.0,0,0,8.4583,Q,0,1,0,1,0,0,0,1,"(20, 40]",0,1,0,1,0,0,0,1,"(20, 40]"
7,0,1,male,54.0,0,0,51.8625,S,0,1,0,0,1,1,0,0,"(40, 60]",0,1,0,0,1,1,0,0,"(40, 60]"
8,0,3,male,2.0,3,1,21.075,S,0,1,0,0,1,0,0,1,"(0, 10]",0,1,0,0,1,0,0,1,"(0, 10]"
9,1,3,female,27.0,0,2,11.1333,S,1,0,0,0,1,0,0,1,"(20, 40]",1,0,0,0,1,0,0,1,"(20, 40]"
10,1,2,female,14.0,1,0,30.0708,C,1,0,1,0,0,0,1,0,"(10, 20]",1,0,1,0,0,0,1,0,"(10, 20]"
11,1,3,female,4.0,1,1,16.7,S,1,0,0,0,1,0,0,1,"(0, 10]",1,0,0,0,1,0,0,1,"(0, 10]"
12,1,1,female,58.0,0,0,26.55,S,1,0,0,0,1,1,0,0,"(40, 60]",1,0,0,0,1,1,0,0,"(40, 60]"
13,0,3,male,20.0,0,0,8.05,S,0,1,0,0,1,0,0,1,"(10, 20]",0,1,0,0,1,0,0,1,"(10, 20]"
14,0,3,male,39.0,1,5,31.275,S,0,1,0,0,1,0,0,1,"(20, 40]",0,1,0,0,1,0,0,1,"(20, 40]"
15,0,3,female,14.0,0,0,7.8542,S,1,0,0,0,1,0,0,1,"(10, 20]",1,0,0,0,1,0,0,1,"(10, 20]"
16,1,2,female,55.0,0,0,16.0,S,1,0,0,0,1,0,1,0,"(40, 60]",1,0,0,0,1,0,1,0,"(40, 60]"
17,0,3,male,2.0,4,1,29.125,Q,0,1,0,1,0,0,0,1,"(0, 10]",0,1,0,1,0,0,0,1,"(0, 10]"
18,1,2,male,28.0,0,0,13.0,S,0,1,0,0,1,0,1,0,"(20, 40]",0,1,0,0,1,0,1,0,"(20, 40]"
19,0,3,female,31.0,1,0,18.0,S,1,0,0,0,1,0,0,1,"(20, 40]",1,0,0,0,1,0,0,1,"(20, 40]"
20,1,3,female,28.0,0,0,7.225,C,1,0,1,0,0,0,0,1,"(20, 40]",1,0,1,0,0,0,0,1,"(20, 40]"
21,0,2,male,35.0,0,0,26.0,S,0,1,0,0,1,0,1,0,"(20, 40]",0,1,0,0,1,0,1,0,"(20, 40]"
22,1,2,male,34.0,0,0,13.0,S,0,1,0,0,1,0,1,0,"(20, 40]",0,1,0,0,1,0,1,0,"(20, 40]"
23,1,3,female,15.0,0,0,8.0292,Q,1,0,0,1,0,0,0,1,"(10, 20]",1,0,0,1,0,0,0,1,"(10, 20]"
24,1,1,male,28.0,0,0,35.5,S,0,1,0,0,1,1,0,0,"(20, 40]",0,1,0,0,1,1,0,0,"(20, 40]"
25,0,3,female,8.0,3,1,21.075,S,1,0,0,0,1,0,0,1,"(0, 10]",1,0,0,0,1,0,0,1,"(0, 10]"
26,1,3,female,38.0,1,5,31.3875,S,1,0,0,0,1,0,0,1,"(20, 40]",1,0,0,0,1,0,0,1,"(20, 40]"
27,0,3,male,28.0,0,0,7.225,C,0,1,1,0,0,0,0,1,"(20, 40]",0,1,1,0,0,0,0,1,"(20, 40]"
28,0,1,male,19.0,3,2,263.0,S,0,1,0,0,1,1,0,0,"(10, 20]",0,1,0,0,1,1,0,0,"(10, 20]"
29,1,3,female,28.0,0,0,7.8792,Q,1,0,0,1,0,0,0,1,"(20, 40]",1,0,0,1,0,0,0,1,"(20, 40]"
30,0,3,male,28.0,0,0,7.8958,S,0,1,0,0,1,0,0,1,"(20, 40]",0,1,0,0,1,0,0,1,"(20, 40]"
31,0,1,male,40.0,0,0,27.7208,C,0,1,1,0,0,1,0,0,"(20, 40]",0,1,1,0,0,1,0,0,"(20, 40]"
32,1,1,female,28.0,1,0,146.5208,C,1,0,1,0,0,1,0,0,"(20, 40]",1,0,1,0,0,1,0,0,"(20, 40]"
33,1,3,female,28.0,0,0,7.75,Q,1,0,0,1,0,0,0,1,"(20, 40]",1,0,0,1,0,0,0,1,"(20, 40]"
34,0,2,male,66.0,0,0,10.5,S,0,1,0,0,1,0,1,0,"(60, 80]",0,1,0,0,1,0,1,0,"(60, 80]"
35,0,1,male,28.0,1,0,82.1708,C,0,1,1,0,0,1,0,0,"(20, 40]",0,1,1,0,0,1,0,0,"(20, 40]"
36,0,1,male,42.0,1,0,52.0,S,0,1,0,0,1,1,0,0,"(40, 60]",0,1,0,0,1,1,0,0,"(40, 60]"
37,1,3,male,28.0,0,0,7.2292,C,0,1,1,0,0,0,0,1,"(20, 40]",0,1,1,0,0,0,0,1,"(20, 40]"
38,0,3,male,21.0,0,0,8.05,S,0,1,0,0,1,0,0,1,"(20, 40]",0,1,0,0,1,0,0,1,"(20, 40]"
39,0,3,female,18.0,2,0,18.0,S,1,0,0,0,1,0,0,1,"(10, 20]",1,0,0,0,1,0,0,1,"(10, 20]"
40,1,3,female,14.0,1,0,11.2417,C,1,0,1,0,0,0,0,1,"(10, 20]",1,0,1,0,0,0,0,1,"(10, 20]"
41,0,3,female,40.0,1,0,9.475,S,1,0,0,0,1,0,0,1,"(20, 40]",1,0,0,0,1,0,0,1,"(20, 40]"
42,0,2,female,27.0,1,0,21.0,S,1,0,0,0,1,0,1,0,"(20, 40]",1,0,0,0,1,0,1,0,"(20, 40]"
43,0,3,male,28.0,0,0,7.8958,C,0,1,1,0,0,0,0,1,"(20, 40]",0,1,1,0,0,0,0,1,"(20, 40]"
44,1,2,female,3.0,1,2,41.5792,C,1,0,1,0,0,0,1,0,"(0, 10]",1,0,1,0,0,0,1,0,"(0, 10]"
45,1,3,female,19.0,0,0,7.8792,Q,1,0,0,1,0,0,0,1,"(10, 20]",1,0,0,1,0,0,0,1,"(10, 20]"
46,0,3,male,28.0,0,0,8.05,S,0,1,0,0,1,0,0,1,"(20, 40]",0,1,0,0,1,0,0,1,"(20, 40]"
47,0,3,male,28.0,1,0,15.5,Q,0,1,0,1,0,0,0,1,"(20, 40]",0,1,0,1,0,0,0,1,"(20, 40]"
48,1,3,female,28.0,0,0,7.75,Q,1,0,0,1,0,0,0,1,"(20, 40]",1,0,0,1,0,0,0,1,"(20, 40]"
49,0,3,male,28.0,2,0,21.6792,C,0,1,1,0,0,0,0,1,"(20, 40]",0,1,1,0,0,0,0,1,"(20, 40]"
50,0,3,female,18.0,1,0,17.8,S,1,0,0,0,1,0,0,1,"(10, 20]",1,0,0,0,1,0,0,1,"(10, 20]"
51,0,3,male,7.0,4,1,39.6875,S,0,1,0,0,1,0,0,1,"(0, 10]",0,1,0,0,1,0,0,1,"(0, 10]"
52,0,3,male,21.0,0,0,7.8,S,0,1,0,0,1,0,0,1,"(20, 40]",0,1,0,0,1,0,0,1,"(20, 40]"
53,1,1,female,49.0,1,0,76.7292,C,1,0,1,0,0,1,0,0,"(40, 60]",1,0,1,0,0,1,0,0,"(40, 60]"
54,1,2,female,29.0,1,0,26.0,S,1,0,0,0,1,0,1,0,"(20, 40]",1,0,0,0,1,0,1,0,"(20, 40]"
55,0,1,male,65.0,0,1,61.9792,C,0,1,1,0,0,1,0,0,"(60, 80]",0,1,1,0,0,1,0,0,"(60, 80]"
56,1,1,male,28.0,0,0,35.5,S,0,1,0,0,1,1,0,0,"(20, 40]",0,1,0,0,1,1,0,0,"(20, 40]"
57,1,2,female,21.0,0,0,10.5,S,1,0,0,0,1,0,1,0,"(20, 40]",1,0,0,0,1,0,1,0,"(20, 40]"
58,0,3,male,28.5,0,0,7.2292,C,0,1,1,0,0,0,0,1,"(20, 40]",0,1,1,0,0,0,0,1,"(20, 40]"
59,1,2,female,5.0,1,2,27.75,S,1,0,0,0,1,0,1,0,"(0, 10]",1,0,0,0,1,0,1,0,"(0, 10]"
60,0,3,male,11.0,5,2,46.9,S,0,1,0,0,1,0,0,1,"(10, 20]",0,1,0,0,1,0,0,1,"(10, 20]"
61,0,3,male,22.0,0,0,7.2292,C,0,1,1,0,0,0,0,1,"(20, 40]",0,1,1,0,0,0,0,1,"(20, 40]"
62,1,1,female,38.0,0,0,80.0,S,1,0,0,0,1,1,0,0,"(20, 40]",1,0,0,0,1,1,0,0,"(20, 40]"
63,0,1,male,45.0,1,0,83.475,S,0,1,0,0,1,1,0,0,"(40, 60]",0,1,0,0,1,1,0,0,"(40, 60]"
64,0,3,male,4.0,3,2,27.9,S,0,1,0,0,1,0,0,1,"(0, 10]",0,1,0,0,1,0,0,1,"(0, 10]"
65,0,1,male,28.0,0,0,27.7208,C,0,1,1,0,0,1,0,0,"(20, 40]",0,1,1,0,0,1,0,0,"(20, 40]"
66,1,3,male,28.0,1,1,15.2458,C,0,1,1,0,0,0,0,1,"(20, 40]",0,1,1,0,0,0,0,1,"(20, 40]"
67,1,2,female,29.0,0,0,10.5,S,1,0,0,0,1,0,1,0,"(20, 40]",1,0,0,0,1,0,1,0,"(20, 40]"
68,0,3,male,19.0,0,0,8.1583,S,0,1,0,0,1,0,0,1,"(10, 20]",0,1,0,0,1,0,0,1,"(10, 20]"
69,1,3,female,17.0,4,2,7.925,S,1,0,0,0,1,0,0,1,"(10, 20]",1,0,0,0,1,0,0,1,"(10, 20]"
70,0,3,male,26.0,2,0,8.6625,S,0,1,0,0,1,0,0,1,"(20, 40]",0,1,0,0,1,0,0,1,"(20, 40]"
71,0,2,male,32.0,0,0,10.5,S,0,1,0,0,1,0,1,0,"(20, 40]",0,1,0,0,1,0,1,0,"(20, 40]"
72,0,3,female,16.0,5,2,46.9,S,1,0,0,0,1,0,0,1,"(10, 20]",1,0,0,0,1,0,0,1,"(10, 20]"
73,0,2,male,21.0,0,0,73.5,S,0,1,0,0,1,0,1,0,"(20, 40]",0,1,0,0,1,0,1,0,"(20, 40]"
74,0,3,male,26.0,1,0,14.4542,C,0,1,1,0,0,0,0,1,"(20, 40]",0,1,1,0,0,0,0,1,"(20, 40]"
75,1,3,male,32.0,0,0,56.4958,S,0,1,0,0,1,0,0,1,"(20, 40]",0,1,0,0,1,0,0,1,"(20, 40]"
76,0,3,male,25.0,0,0,7.65,S,0,1,0,0,1,0,0,1,"(20, 40]",0,1,0,0,1,0,0,1,"(20, 40]"
77,0,3,male,28.0,0,0,7.8958,S,0,1,0,0,1,0,0,1,"(20, 40]",0,1,0,0,1,0,0,1,"(20, 40]"
78,0,3,male,28.0,0,0,8.05,S,0,1,0,0,1,0,0,1,"(20, 40]",0,1,0,0,1,0,0,1,"(20, 40]"
79,1,2,male,0.83,0,2,29.0,S,0,1,0,0,1,0,1,0,"(0, 10]",0,1,0,0,1,0,1,0,"(0, 10]"
80,1,3,female,30.0,0,0,12.475,S,1,0,0,0,1,0,0,1,"(20, 40]",1,0,0,0,1,0,0,1,"(20, 40]"
81,0,3,male,22.0,0,0,9.0,S,0,1,0,0,1,0,0,1,"(20, 40]",0,1,0,0,1,0,0,1,"(20, 40]"
82,1,3,male,29.0,0,0,9.5,S,0,1,0,0,1,0,0,1,"(20, 40]",0,1,0,0,1,0,0,1,"(20, 40]"
83,1,3,female,28.0,0,0,7.7875,Q,1,0,0,1,0,0,0,1,"(20, 40]",1,0,0,1,0,0,0,1,"(20, 40]"
84,0,1,male,28.0,0,0,47.1,S,0,1,0,0,1,1,0,0,"(20, 40]",0,1,0,0,1,1,0,0,"(20, 40]"
85,1,2,female,17.0,0,0,10.5,S,1,0,0,0,1,0,1,0,"(10, 20]",1,0,0,0,1,0,1,0,"(10, 20]"
86,1,3,female,33.0,3,0,15.85,S,1,0,0,0,1,0,0,1,"(20, 40]",1,0,0,0,1,0,0,1,"(20, 40]"
87,0,3,male,16.0,1,3,34.375,S,0,1,0,0,1,0,0,1,"(10, 20]",0,1,0,0,1,0,0,1,"(10, 20]"
88,0,3,male,28.0,0,0,8.05,S,0,1,0,0,1,0,0,1,"(20, 40]",0,1,0,0,1,0,0,1,"(20, 40]"
89,1,1,female,23.0,3,2,263.0,S,1,0,0,0,1,1,0,0,"(20, 40]",1,0,0,0,1,1,0,0,"(20, 40]"
90,0,3,male,24.0,0,0,8.05,S,0,1,0,0,1,0,0,1,"(20, 40]",0,1,0,0,1,0,0,1,"(20, 40]"
91,0,3,male,29.0,0,0,8.05,S,0,1,0,0,1,0,0,1,"(20, 40]",0,1,0,0,1,0,0,1,"(20, 40]"
92,0,3,male,20.0,0,0,7.8542,S,0,1,0,0,1,0,0,1,"(10, 20]",0,1,0,0,1,0,0,1,"(10, 20]"
93,0,1,male,46.0,1,0,61.175,S,0,1,0,0,1,1,0,0,"(40, 60]",0,1,0,0,1,1,0,0,"(40, 60]"
94,0,3,male,26.0,1,2,20.575,S,0,1,0,0,1,0,0,1,"(20, 40]",0,1,0,0,1,0,0,1,"(20, 40]"
95,0,3,male,59.0,0,0,7.25,S,0,1,0,0,1,0,0,1,"(40, 60]",0,1,0,0,1,0,0,1,"(40, 60]"
96,0,3,male,28.0,0,0,8.05,S,0,1,0,0,1,0,0,1,"(20, 40]",0,1,0,0,1,0,0,1,"(20, 40]"
97,0,1,male,71.0,0,0,34.6542,C,0,1,1,0,0,1,0,0,"(60, 80]",0,1,1,0,0,1,0,0,"(60, 80]"
98,1,1,male,23.0,0,1,63.3583,C,0,1,1,0,0,1,0,0,"(20, 40]",0,1,1,0,0,1,0,0,"(20, 40]"
99,1,2,female,34.0,0,1,23.0,S,1,0,0,0,1,0,1,0,"(20, 40]",1,0,0,0,1,0,1,0,"(20, 40]"
100,0,2,male,34.0,1,0,26.0,S,0,1,0,0,1,0,1,0,"(20, 40]",0,1,0,0,1,0,1,0,"(20, 40]"
101,0,3,female,28.0,0,0,7.8958,S,1,0,0,0,1,0,0,1,"(20, 40]",1,0,0,0,1,0,0,1,"(20, 40]"
102,0,3,male,28.0,0,0,7.8958,S,0,1,0,0,1,0,0,1,"(20, 40]",0,1,0,0,1,0,0,1,"(20, 40]"
103,0,1,male,21.0,0,1,77.2875,S,0,1,0,0,1,1,0,0,"(20, 40]",0,1,0,0,1,1,0,0,"(20, 40]"
104,0,3,male,33.0,0,0,8.6542,S,0,1,0,0,1,0,0,1,"(20, 40]",0,1,0,0,1,0,0,1,"(20, 40]"
105,0,3,male,37.0,2,0,7.925,S,0,1,0,0,1,0,0,1,"(20, 40]",0,1,0,0,1,0,0,1,"(20, 40]"
106,0,3,male,28.0,0,0,7.8958,S,0,1,0,0,1,0,0,1,"(20, 40]",0,1,0,0,1,0,0,1,"(20, 40]"
107,1,3,female,21.0,0,0,7.65,S,1,0,0,0,1,0,0,1,"(20, 40]",1,0,0,0,1,0,0,1,"(20, 40]"
108,1,3,male,28.0,0,0,7.775,S,0,1,0,0,1,0,0,1,"(20, 40]",0,1,0,0,1,0,0,1,"(20, 40]"
109,0,3,male,38.0,0,0,7.8958,S,0,1,0,0,1,0,0,1,"(20, 40]",0,1,0,0,1,0,0,1,"(20, 40]"
110,1,3,female,28.0,1,0,24.15,Q,1,0,0,1,0,0,0,1,"(20, 40]",1,0,0,1,0,0,0,1,"(20, 40]"
111,0,1,male,47.0,0,0,52.0,S,0,1,0,0,1,1,0,0,"(40, 60]",0,1,0,0,1,1,0,0,"(40, 60]"
112,0,3,female,14.5,1,0,14.4542,C,1,0,1,0,0,0,0,1,"(10, 20]",1,0,1,0,0,0,0,1,"(10, 20]"
113,0,3,male,22.0,0,0,8.05,S,0,1,0,0,1,0,0,1,"(20, 40]",0,1,0,0,1,0,0,1,"(20, 40]"
114,0,3,female,20.0,1,0,9.825,S,1,0,0,0,1,0,0,1,"(10, 20]",1,0,0,0,1,0,0,1,"(10, 20]"
115,0,3,female,17.0,0,0,14.4583,C,1,0,1,0,0,0,0,1,"(10, 20]",1,0,1,0,0,0,0,1,"(10, 20]"
116,0,3,male,21.0,0,0,7.925,S,0,1,0,0,1,0,0,1,"(20, 40]",0,1,0,0,1,0,0,1,"(20, 40]"
117,0,3,male,70.5,0,0,7.75,Q,0,1,0,1,0,0,0,1,"(60, 80]",0,1,0,1,0,0,0,1,"(60, 80]"
118,0,2,male,29.0,1,0,21.0,S,0,1,0,0,1,0,1,0,"(20, 40]",0,1,0,0,1,0,1,0,"(20, 40]"
119,0,1,male,24.0,0,1,247.5208,C,0,1,1,0,0,1,0,0,"(20, 40]",0,1,1,0,0,1,0,0,"(20, 40]"
120,0,3,female,2.0,4,2,31.275,S,1,0,0,0,1,0,0,1,"(0, 10]",1,0,0,0,1,0,0,1,"(0, 10]"
121,0,2,male,21.0,2,0,73.5,S,0,1,0,0,1,0,1,0,"(20, 40]",0,1,0,0,1,0,1,0,"(20, 40]"
122,0,3,male,28.0,0,0,8.05,S,0,1,0,0,1,0,0,1,"(20, 40]",0,1,0,0,1,0,0,1,"(20, 40]"
123,0,2,male,32.5,1,0,30.0708,C,0,1,1,0,0,0,1,0,"(20, 40]",0,1,1,0,0,0,1,0,"(20, 40]"
124,1,2,female,32.5,0,0,13.0,S,1,0,0,0,1,0,1,0,"(20, 40]",1,0,0,0,1,0,1,0,"(20, 40]"
125,0,1,male,54.0,0,1,77.2875,S,0,1,0,0,1,1,0,0,"(40, 60]",0,1,0,0,1,1,0,0,"(40, 60]"
126,1,3,male,12.0,1,0,11.2417,C,0,1,1,0,0,0,0,1,"(10, 20]",0,1,1,0,0,0,0,1,"(10, 20]"
127,0,3,male,28.0,0,0,7.75,Q,0,1,0,1,0,0,0,1,"(20, 40]",0,1,0,1,0,0,0,1,"(20, 40]"
128,1,3,male,24.0,0,0,7.1417,S,0,1,0,0,1,0,0,1,"(20, 40]",0,1,0,0,1,0,0,1,"(20, 40]"
129,1,3,female,28.0,1,1,22.3583,C,1,0,1,0,0,0,0,1,"(20, 40]",1,0,1,0,0,0,0,1,"(20, 40]"
130,0,3,male,45.0,0,0,6.975,S,0,1,0,0,1,0,0,1,"(40, 60]",0,1,0,0,1,0,0,1,"(40, 60]"
131,0,3,male,33.0,0,0,7.8958,C,0,1,1,0,0,0,0,1,"(20, 40]",0,1,1,0,0,0,0,1,"(20, 40]"
132,0,3,male,20.0,0,0,7.05,S,0,1,0,0,1,0,0,1,"(10, 20]",0,1,0,0,1,0,0,1,"(10, 20]"
133,0,3,female,47.0,1,0,14.5,S,1,0,0,0,1,0,0,1,"(40, 60]",1,0,0,0,1,0,0,1,"(40, 60]"
134,1,2,female,29.0,1,0,26.0,S,1,0,0,0,1,0,1,0,"(20, 40]",1,0,0,0,1,0,1,0,"(20, 40]"
135,0,2,male,25.0,0,0,13.0,S,0,1,0,0,1,0,1,0,"(20, 40]",0,1,0,0,1,0,1,0,"(20, 40]"
136,0,2,male,23.0,0,0,15.0458,C,0,1,1,0,0,0,1,0,"(20, 40]",0,1,1,0,0,0,1,0,"(20, 40]"
137,1,1,female,19.0,0,2,26.2833,S,1,0,0,0,1,1,0,0,"(10, 20]",1,0,0,0,1,1,0,0,"(10, 20]"
138,0,1,male,37.0,1,0,53.1,S,0,1,0,0,1,1,0,0,"(20, 40]",0,1,0,0,1,1,0,0,"(20, 40]"
139,0,3,male,16.0,0,0,9.2167,S,0,1,0,0,1,0,0,1,"(10, 20]",0,1,0,0,1,0,0,1,"(10, 20]"
140,0,1,male,24.0,0,0,79.2,C,0,1,1,0,0,1,0,0,"(20, 40]",0,1,1,0,0,1,0,0,"(20, 40]"
141,0,3,female,28.0,0,2,15.2458,C,1,0,1,0,0,0,0,1,"(20, 40]",1,0,1,0,0,0,0,1,"(20, 40]"
142,1,3,female,22.0,0,0,7.75,S,1,0,0,0,1,0,0,1,"(20, 40]",1,0,0,0,1,0,0,1,"(20, 40]"
143,1,3,female,24.0,1,0,15.85,S,1,0,0,0,1,0,0,1,"(20, 40]",1,0,0,0,1,0,0,1,"(20, 40]"
144,0,3,male,19.0,0,0,6.75,Q,0,1,0,1,0,0,0,1,"(10, 20]",0,1,0,1,0,0,0,1,"(10, 20]"
145,0,2,male,18.0,0,0,11.5,S,0,1,0,0,1,0,1,0,"(10, 20]",0,1,0,0,1,0,1,0,"(10, 20]"
146,0,2,male,19.0,1,1,36.75,S,0,1,0,0,1,0,1,0,"(10, 20]",0,1,0,0,1,0,1,0,"(10, 20]"
147,1,3,male,27.0,0,0,7.7958,S,0,1,0,0,1,0,0,1,"(20, 40]",0,1,0,0,1,0,0,1,"(20, 40]"
148,0,3,female,9.0,2,2,34.375,S,1,0,0,0,1,0,0,1,"(0, 10]",1,0,0,0,1,0,0,1,"(0, 10]"
149,0,2,male,36.5,0,2,26.0,S,0,1,0,0,1,0,1,0,"(20, 40]",0,1,0,0,1,0,1,0,"(20, 40]"
150,0,2,male,42.0,0,0,13.0,S,0,1,0,0,1,0,1,0,"(40, 60]",0,1,0,0,1,0,1,0,"(40, 60]"
151,0,2,male,51.0,0,0,12.525,S,0,1,0,0,1,0,1,0,"(40, 60]",0,1,0,0,1,0,1,0,"(40, 60]"
152,1,1,female,22.0,1,0,66.6,S,1,0,0,0,1,1,0,0,"(20, 40]",1,0,0,0,1,1,0,0,"(20, 40]"
153,0,3,male,55.5,0,0,8.05,S,0,1,0,0,1,0,0,1,"(40, 60]",0,1,0,0,1,0,0,1,"(40, 60]"
154,0,3,male,40.5,0,2,14.5,S,0,1,0,0,1,0,0,1,"(40, 60]",0,1,0,0,1,0,0,1,"(40, 60]"
155,0,3,male,28.0,0,0,7.3125,S,0,1,0,0,1,0,0,1,"(20, 40]",0,1,0,0,1,0,0,1,"(20, 40]"
156,0,1,male,51.0,0,1,61.3792,C,0,1,1,0,0,1,0,0,"(40, 60]",0,1,1,0,0,1,0,0,"(40, 60]"
157,1,3,female,16.0,0,0,7.7333,Q,1,0,0,1,0,0,0,1,"(10, 20]",1,0,0,1,0,0,0,1,"(10, 20]"
158,0,3,male,30.0,0,0,8.05,S,0,1,0,0,1,0,0,1,"(20, 40]",0,1,0,0,1,0,0,1,"(20, 40]"
159,0,3,male,28.0,0,0,8.6625,S,0,1,0,0,1,0,0,1,"(20, 40]",0,1,0,0,1,0,0,1,"(20, 40]"
160,0,3,male,28.0,8,2,69.55,S,0,1,0,0,1,0,0,1,"(20, 40]",0,1,0,0,1,0,0,1,"(20, 40]"
161,0,3,male,44.0,0,1,16.1,S,0,1,0,0,1,0,0,1,"(40, 60]",0,1,0,0,1,0,0,1,"(40, 60]"
162,1,2,female,40.0,0,0,15.75,S,1,0,0,0,1,0,1,0,"(20, 40]",1,0,0,0,1,0,1,0,"(20, 40]"
163,0,3,male,26.0,0,0,7.775,S,0,1,0,0,1,0,0,1,"(20, 40]",0,1,0,0,1,0,0,1,"(20, 40]"
164,0,3,male,17.0,0,0,8.6625,S,0,1,0,0,1,0,0,1,"(10, 20]",0,1,0,0,1,0,0,1,"(10, 20]"
165,0,3,male,1.0,4,1,39.6875,S,0,1,0,0,1,0,0,1,"(0, 10]",0,1,0,0,1,0,0,1,"(0, 10]"
166,1,3,male,9.0,0,2,20.525,S,0,1,0,0,1,0,0,1,"(0, 10]",0,1,0,0,1,0,0,1,"(0, 10]"
167,1,1,female,28.0,0,1,55.0,S,1,0,0,0,1,1,0,0,"(20, 40]",1,0,0,0,1,1,0,0,"(20, 40]"
168,0,3,female,45.0,1,4,27.9,S,1,0,0,0,1,0,0,1,"(40, 60]",1,0,0,0,1,0,0,1,"(40, 60]"
169,0,1,male,28.0,0,0,25.925,S,0,1,0,0,1,1,0,0,"(20, 40]",0,1,0,0,1,1,0,0,"(20, 40]"
170,0,3,male,28.0,0,0,56.4958,S,0,1,0,0,1,0,0,1,"(20, 40]",0,1,0,0,1,0,0,1,"(20, 40]"
171,0,1,male,61.0,0,0,33.5,S,0,1,0,0,1,1,0,0,"(60, 80]",0,1,0,0,1,1,0,0,"(60, 80]"
172,0,3,male,4.0,4,1,29.125,Q,0,1,0,1,0,0,0,1,"(0, 10]",0,1,0,1,0,0,0,1,"(0, 10]"
173,1,3,female,1.0,1,1,11.1333,S,1,0,0,0,1,0,0,1,"(0, 10]",1,0,0,0,1,0,0,1,"(0, 10]"
174,0,3,male,21.0,0,0,7.925,S,0,1,0,0,1,0,0,1,"(20, 40]",0,1,0,0,1,0,0,1,"(20, 40]"
175,0,1,male,56.0,0,0,30.6958,C,0,1,1,0,0,1,0,0,"(40, 60]",0,1,1,0,0,1,0,0,"(40, 60]"
176,0,3,male,18.0,1,1,7.8542,S,0,1,0,0,1,0,0,1,"(10, 20]",0,1,0,0,1,0,0,1,"(10, 20]"
177,0,3,male,28.0,3,1,25.4667,S,0,1,0,0,1,0,0,1,"(20, 40]",0,1,0,0,1,0,0,1,"(20, 40]"
178,0,1,female,50.0,0,0,28.7125,C,1,0,1,0,0,1,0,0,"(40, 60]",1,0,1,0,0,1,0,0,"(40, 60]"
179,0,2,male,30.0,0,0,13.0,S,0,1,0,0,1,0,1,0,"(20, 40]",0,1,0,0,1,0,1,0,"(20, 40]"
180,0,3,male,36.0,0,0,0.0,S,0,1,0,0,1,0,0,1,"(20, 40]",0,1,0,0,1,0,0,1,"(20, 40]"
181,0,3,female,28.0,8,2,69.55,S,1,0,0,0,1,0,0,1,"(20, 40]",1,0,0,0,1,0,0,1,"(20, 40]"
182,0,2,male,28.0,0,0,15.05,C,0,1,1,0,0,0,1,0,"(20, 40]",0,1,1,0,0,0,1,0,"(20, 40]"
183,0,3,male,9.0,4,2,31.3875,S,0,1,0,0,1,0,0,1,"(0, 10]",0,1,0,0,1,0,0,1,"(0, 10]"
184,1,2,male,1.0,2,1,39.0,S,0,1,0,0,1,0,1,0,"(0, 10]",0,1,0,0,1,0,1,0,"(0, 10]"
185,1,3,female,4.0,0,2,22.025,S,1,0,0,0,1,0,0,1,"(0, 10]",1,0,0,0,1,0,0,1,"(0, 10]"
186,0,1,male,28.0,0,0,50.0,S,0,1,0,0,1,1,0,0,"(20, 40]",0,1,0,0,1,1,0,0,"(20, 40]"
187,1,3,female,28.0,1,0,15.5,Q,1,0,0,1,0,0,0,1,"(20, 40]",1,0,0,1,0,0,0,1,"(20, 40]"
188,1,1,male,45.0,0,0,26.55,S,0,1,0,0,1,1,0,0,"(40, 60]",0,1,0,0,1,1,0,0,"(40, 60]"
189,0,3,male,40.0,1,1,15.5,Q,0,1,0,1,0,0,0,1,"(20, 40]",0,1,0,1,0,0,0,1,"(20, 40]"
190,0,3,male,36.0,0,0,7.8958,S,0,1,0,0,1,0,0,1,"(20, 40]",0,1,0,0,1,0,0,1,"(20, 40]"
191,1,2,female,32.0,0,0,13.0,S,1,0,0,0,1,0,1,0,"(20, 40]",1,0,0,0,1,0,1,0,"(20, 40]"
192,0,2,male,19.0,0,0,13.0,S,0,1,0,0,1,0,1,0,"(10, 20]",0,1,0,0,1,0,1,0,"(10, 20]"
193,1,3,female,19.0,1,0,7.8542,S,1,0,0,0,1,0,0,1,"(10, 20]",1,0,0,0,1,0,0,1,"(10, 20]"
194,1,2,male,3.0,1,1,26.0,S,0,1,0,0,1,0,1,0,"(0, 10]",0,1,0,0,1,0,1,0,"(0, 10]"
195,1,1,female,44.0,0,0,27.7208,C,1,0,1,0,0,1,0,0,"(40, 60]",1,0,1,0,0,1,0,0,"(40, 60]"
196,1,1,female,58.0,0,0,146.5208,C,1,0,1,0,0,1,0,0,"(40, 60]",1,0,1,0,0,1,0,0,"(40, 60]"
197,0,3,male,28.0,0,0,7.75,Q,0,1,0,1,0,0,0,1,"(20, 40]",0,1,0,1,0,0,0,1,"(20, 40]"
198,0,3,male,42.0,0,1,8.4042,S,0,1,0,0,1,0,0,1,"(40, 60]",0,1,0,0,1,0,0,1,"(40, 60]"
199,1,3,female,28.0,0,0,7.75,Q,1,0,0,1,0,0,0,1,"(20, 40]",1,0,0,1,0,0,0,1,"(20, 40]"
200,0,2,female,24.0,0,0,13.0,S,1,0,0,0,1,0,1,0,"(20, 40]",1,0,0,0,1,0,1,0,"(20, 40]"
201,0,3,male,28.0,0,0,9.5,S,0,1,0,0,1,0,0,1,"(20, 40]",0,1,0,0,1,0,0,1,"(20, 40]"
202,0,3,male,28.0,8,2,69.55,S,0,1,0,0,1,0,0,1,"(20, 40]",0,1,0,0,1,0,0,1,"(20, 40]"
203,0,3,male,34.0,0,0,6.4958,S,0,1,0,0,1,0,0,1,"(20, 40]",0,1,0,0,1,0,0,1,"(20, 40]"
204,0,3,male,45.5,0,0,7.225,C,0,1,1,0,0,0,0,1,"(40, 60]",0,1,1,0,0,0,0,1,"(40, 60]"
205,1,3,male,18.0,0,0,8.05,S,0,1,0,0,1,0,0,1,"(10, 20]",0,1,0,0,1,0,0,1,"(10, 20]"
206,0,3,female,2.0,0,1,10.4625,S,1,0,0,0,1,0,0,1,"(0, 10]",1,0,0,0,1,0,0,1,"(0, 10]"
207,0,3,male,32.0,1,0,15.85,S,0,1,0,0,1,0,0,1,"(20, 40]",0,1,0,0,1,0,0,1,"(20, 40]"
208,1,3,male,26.0,0,0,18.7875,C,0,1,1,0,0,0,0,1,"(20, 40]",0,1,1,0,0,0,0,1,"(20, 40]"
209,1,3,female,16.0,0,0,7.75,Q,1,0,0,1,0,0,0,1,"(10, 20]",1,0,0,1,0,0,0,1,"(10, 20]"
210,1,1,male,40.0,0,0,31.0,C,0,1,1,0,0,1,0,0,"(20, 40]",0,1,1,0,0,1,0,0,"(20, 40]"
211,0,3,male,24.0,0,0,7.05,S,0,1,0,0,1,0,0,1,"(20, 40]",0,1,0,0,1,0,0,1,"(20, 40]"
212,1,2,female,35.0,0,0,21.0,S,1,0,0,0,1,0,1,0,"(20, 40]",1,0,0,0,1,0,1,0,"(20, 40]"
213,0,3,male,22.0,0,0,7.25,S,0,1,0,0,1,0,0,1,"(20, 40]",0,1,0,0,1,0,0,1,"(20, 40]"
214,0,2,male,30.0,0,0,13.0,S,0,1,0,0,1,0,1,0,"(20, 40]",0,1,0,0,1,0,1,0,"(20, 40]"
215,0,3,male,28.0,1,0,7.75,Q,0,1,0,1,0,0,0,1,"(20, 40]",0,1,0,1,0,0,0,1,"(20, 40]"
216,1,1,female,31.0,1,0,113.275,C,1,0,1,0,0,1,0,0,"(20, 40]",1,0,1,0,0,1,0,0,"(20, 40]"
217,1,3,female,27.0,0,0,7.925,S,1,0,0,0,1,0,0,1,"(20, 40]",1,0,0,0,1,0,0,1,"(20, 40]"
218,0,2,male,42.0,1,0,27.0,S,0,1,0,0,1,0,1,0,"(40, 60]",0,1,0,0,1,0,1,0,"(40, 60]"
219,1,1,female,32.0,0,0,76.2917,C,1,0,1,0,0,1,0,0,"(20, 40]",1,0,1,0,0,1,0,0,"(20, 40]"
220,0,2,male,30.0,0,0,10.5,S,0,1,0,0,1,0,1,0,"(20, 40]",0,1,0,0,1,0,1,0,"(20, 40]"
221,1,3,male,16.0,0,0,8.05,S,0,1,0,0,1,0,0,1,"(10, 20]",0,1,0,0,1,0,0,1,"(10, 20]"
222,0,2,male,27.0,0,0,13.0,S,0,1,0,0,1,0,1,0,"(20, 40]",0,1,0,0,1,0,1,0,"(20, 40]"
223,0,3,male,51.0,0,0,8.05,S,0,1,0,0,1,0,0,1,"(40, 60]",0,1,0,0,1,0,0,1,"(40, 60]"
224,0,3,male,28.0,0,0,7.8958,S,0,1,0,0,1,0,0,1,"(20, 40]",0,1,0,0,1,0,0,1,"(20, 40]"
225,1,1,male,38.0,1,0,90.0,S,0,1,0,0,1,1,0,0,"(20, 40]",0,1,0,0,1,1,0,0,"(20, 40]"
226,0,3,male,22.0,0,0,9.35,S,0,1,0,0,1,0,0,1,"(20, 40]",0,1,0,0,1,0,0,1,"(20, 40]"
227,1,2,male,19.0,0,0,10.5,S,0,1,0,0,1,0,1,0,"(10, 20]",0,1,0,0,1,0,1,0,"(10, 20]"
228,0,3,male,20.5,0,0,7.25,S,0,1,0,0,1,0,0,1,"(20, 40]",0,1,0,0,1,0,0,1,"(20, 40]"
229,0,2,male,18.0,0,0,13.0,S,0,1,0,0,1,0,1,0,"(10, 20]",0,1,0,0,1,0,1,0,"(10, 20]"
230,0,3,female,28.0,3,1,25.4667,S,1,0,0,0,1,0,0,1,"(20, 40]",1,0,0,0,1,0,0,1,"(20, 40]"
231,1,1,female,35.0,1,0,83.475,S,1,0,0,0,1,1,0,0,"(20, 40]",1,0,0,0,1,1,0,0,"(20, 40]"
232,0,3,male,29.0,0,0,7.775,S,0,1,0,0,1,0,0,1,"(20, 40]",0,1,0,0,1,0,0,1,"(20, 40]"
233,0,2,male,59.0,0,0,13.5,S,0,1,0,0,1,0,1,0,"(40, 60]",0,1,0,0,1,0,1,0,"(40, 60]"
234,1,3,female,5.0,4,2,31.3875,S,1,0,0,0,1,0,0,1,"(0, 10]",1,0,0,0,1,0,0,1,"(0, 10]"
235,0,2,male,24.0,0,0,10.5,S,0,1,0,0,1,0,1,0,"(20, 40]",0,1,0,0,1,0,1,0,"(20, 40]"
236,0,3,female,28.0,0,0,7.55,S,1,0,0,0,1,0,0,1,"(20, 40]",1,0,0,0,1,0,0,1,"(20, 40]"
237,0,2,male,44.0,1,0,26.0,S,0,1,0,0,1,0,1,0,"(40, 60]",0,1,0,0,1,0,1,0,"(40, 60]"
238,1,2,female,8.0,0,2,26.25,S,1,0,0,0,1,0,1,0,"(0, 10]",1,0,0,0,1,0,1,0,"(0, 10]"
239,0,2,male,19.0,0,0,10.5,S,0,1,0,0,1,0,1,0,"(10, 20]",0,1,0,0,1,0,1,0,"(10, 20]"
240,0,2,male,33.0,0,0,12.275,S,0,1,0,0,1,0,1,0,"(20, 40]",0,1,0,0,1,0,1,0,"(20, 40]"
241,0,3,female,28.0,1,0,14.4542,C,1,0,1,0,0,0,0,1,"(20, 40]",1,0,1,0,0,0,0,1,"(20, 40]"
242,1,3,female,28.0,1,0,15.5,Q,1,0,0,1,0,0,0,1,"(20, 40]",1,0,0,1,0,0,0,1,"(20, 40]"
243,0,2,male,29.0,0,0,10.5,S,0,1,0,0,1,0,1,0,"(20, 40]",0,1,0,0,1,0,1,0,"(20, 40]"
244,0,3,male,22.0,0,0,7.125,S,0,1,0,0,1,0,0,1,"(20, 40]",0,1,0,0,1,0,0,1,"(20, 40]"
245,0,3,male,30.0,0,0,7.225,C,0,1,1,0,0,0,0,1,"(20, 40]",0,1,1,0,0,0,0,1,"(20, 40]"
246,0,1,male,44.0,2,0,90.0,Q,0,1,0,1,0,1,0,0,"(40, 60]",0,1,0,1,0,1,0,0,"(40, 60]"
247,0,3,female,25.0,0,0,7.775,S,1,0,0,0,1,0,0,1,"(20, 40]",1,0,0,0,1,0,0,1,"(20, 40]"
248,1,2,female,24.0,0,2,14.5,S,1,0,0,0,1,0,1,0,"(20, 40]",1,0,0,0,1,0,1,0,"(20, 40]"
249,1,1,male,37.0,1,1,52.5542,S,0,1,0,0,1,1,0,0,"(20, 40]",0,1,0,0,1,1,0,0,"(20, 40]"
250,0,2,male,54.0,1,0,26.0,S,0,1,0,0,1,0,1,0,"(40, 60]",0,1,0,0,1,0,1,0,"(40, 60]"
251,0,3,male,28.0,0,0,7.25,S,0,1,0,0,1,0,0,1,"(20, 40]",0,1,0,0,1,0,0,1,"(20, 40]"
252,0,3,female,29.0,1,1,10.4625,S,1,0,0,0,1,0,0,1,"(20, 40]",1,0,0,0,1,0,0,1,"(20, 40]"
253,0,1,male,62.0,0,0,26.55,S,0,1,0,0,1,1,0,0,"(60, 80]",0,1,0,0,1,1,0,0,"(60, 80]"
254,0,3,male,30.0,1,0,16.1,S,0,1,0,0,1,0,0,1,"(20, 40]",0,1,0,0,1,0,0,1,"(20, 40]"
255,0,3,female,41.0,0,2,20.2125,S,1,0,0,0,1,0,0,1,"(40, 60]",1,0,0,0,1,0,0,1,"(40, 60]"
256,1,3,female,29.0,0,2,15.2458,C,1,0,1,0,0,0,0,1,"(20, 40]",1,0,1,0,0,0,0,1,"(20, 40]"
257,1,1,female,28.0,0,0,79.2,C,1,0,1,0,0,1,0,0,"(20, 40]",1,0,1,0,0,1,0,0,"(20, 40]"
258,1,1,female,30.0,0,0,86.5,S,1,0,0,0,1,1,0,0,"(20, 40]",1,0,0,0,1,1,0,0,"(20, 40]"
259,1,1,female,35.0,0,0,512.3292,C,1,0,1,0,0,1,0,0,"(20, 40]",1,0,1,0,0,1,0,0,"(20, 40]"
260,1,2,female,50.0,0,1,26.0,S,1,0,0,0,1,0,1,0,"(40, 60]",1,0,0,0,1,0,1,0,"(40, 60]"
261,0,3,male,28.0,0,0,7.75,Q,0,1,0,1,0,0,0,1,"(20, 40]",0,1,0,1,0,0,0,1,"(20, 40]"
262,1,3,male,3.0,4,2,31.3875,S,0,1,0,0,1,0,0,1,"(0, 10]",0,1,0,0,1,0,0,1,"(0, 10]"
263,0,1,male,52.0,1,1,79.65,S,0,1,0,0,1,1,0,0,"(40, 60]",0,1,0,0,1,1,0,0,"(40, 60]"
264,0,1,male,40.0,0,0,0.0,S,0,1,0,0,1,1,0,0,"(20, 40]",0,1,0,0,1,1,0,0,"(20, 40]"
265,0,3,female,28.0,0,0,7.75,Q,1,0,0,1,0,0,0,1,"(20, 40]",1,0,0,1,0,0,0,1,"(20, 40]"
266,0,2,male,36.0,0,0,10.5,S,0,1,0,0,1,0,1,0,"(20, 40]",0,1,0,0,1,0,1,0,"(20, 40]"
267,0,3,male,16.0,4,1,39.6875,S,0,1,0,0,1,0,0,1,"(10, 20]",0,1,0,0,1,0,0,1,"(10, 20]"
268,1,3,male,25.0,1,0,7.775,S,0,1,0,0,1,0,0,1,"(20, 40]",0,1,0,0,1,0,0,1,"(20, 40]"
269,1,1,female,58.0,0,1,153.4625,S,1,0,0,0,1,1,0,0,"(40, 60]",1,0,0,0,1,1,0,0,"(40, 60]"
270,1,1,female,35.0,0,0,135.6333,S,1,0,0,0,1,1,0,0,"(20, 40]",1,0,0,0,1,1,0,0,"(20, 40]"
271,0,1,male,28.0,0,0,31.0,S,0,1,0,0,1,1,0,0,"(20, 40]",0,1,0,0,1,1,0,0,"(20, 40]"
272,1,3,male,25.0,0,0,0.0,S,0,1,0,0,1,0,0,1,"(20, 40]",0,1,0,0,1,0,0,1,"(20, 40]"
273,1,2,female,41.0,0,1,19.5,S,1,0,0,0,1,0,1,0,"(40, 60]",1,0,0,0,1,0,1,0,"(40, 60]"
274,0,1,male,37.0,0,1,29.7,C,0,1,1,0,0,1,0,0,"(20, 40]",0,1,1,0,0,1,0,0,"(20, 40]"
275,1,3,female,28.0,0,0,7.75,Q,1,0,0,1,0,0,0,1,"(20, 40]",1,0,0,1,0,0,0,1,"(20, 40]"
276,1,1,female,63.0,1,0,77.9583,S,1,0,0,0,1,1,0,0,"(60, 80]",1,0,0,0,1,1,0,0,"(60, 80]"
277,0,3,female,45.0,0,0,7.75,S,1,0,0,0,1,0,0,1,"(40, 60]",1,0,0,0,1,0,0,1,"(40, 60]"
278,0,2,male,28.0,0,0,0.0,S,0,1,0,0,1,0,1,0,"(20, 40]",0,1,0,0,1,0,1,0,"(20, 40]"
279,0,3,male,7.0,4,1,29.125,Q,0,1,0,1,0,0,0,1,"(0, 10]",0,1,0,1,0,0,0,1,"(0, 10]"
280,1,3,female,35.0,1,1,20.25,S,1,0,0,0,1,0,0,1,"(20, 40]",1,0,0,0,1,0,0,1,"(20, 40]"
281,0,3,male,65.0,0,0,7.75,Q,0,1,0,1,0,0,0,1,"(60, 80]",0,1,0,1,0,0,0,1,"(60, 80]"
282,0,3,male,28.0,0,0,7.8542,S,0,1,0,0,1,0,0,1,"(20, 40]",0,1,0,0,1,0,0,1,"(20, 40]"
283,0,3,male,16.0,0,0,9.5,S,0,1,0,0,1,0,0,1,"(10, 20]",0,1,0,0,1,0,0,1,"(10, 20]"
284,1,3,male,19.0,0,0,8.05,S,0,1,0,0,1,0,0,1,"(10, 20]",0,1,0,0,1,0,0,1,"(10, 20]"
285,0,1,male,28.0,0,0,26.0,S,0,1,0,0,1,1,0,0,"(20, 40]",0,1,0,0,1,1,0,0,"(20, 40]"
286,0,3,male,33.0,0,0,8.6625,C,0,1,1,0,0,0,0,1,"(20, 40]",0,1,1,0,0,0,0,1,"(20, 40]"
287,1,3,male,30.0,0,0,9.5,S,0,1,0,0,1,0,0,1,"(20, 40]",0,1,0,0,1,0,0,1,"(20, 40]"
288,0,3,male,22.0,0,0,7.8958,S,0,1,0,0,1,0,0,1,"(20, 40]",0,1,0,0,1,0,0,1,"(20, 40]"
289,1,2,male,42.0,0,0,13.0,S,0,1,0,0,1,0,1,0,"(40, 60]",0,1,0,0,1,0,1,0,"(40, 60]"
290,1,3,female,22.0,0,0,7.75,Q,1,0,0,1,0,0,0,1,"(20, 40]",1,0,0,1,0,0,0,1,"(20, 40]"
291,1,1,female,26.0,0,0,78.85,S,1,0,0,0,1,1,0,0,"(20, 40]",1,0,0,0,1,1,0,0,"(20, 40]"
292,1,1,female,19.0,1,0,91.0792,C,1,0,1,0,0,1,0,0,"(10, 20]",1,0,1,0,0,1,0,0,"(10, 20]"
293,0,2,male,36.0,0,0,12.875,C,0,1,1,0,0,0,1,0,"(20, 40]",0,1,1,0,0,0,1,0,"(20, 40]"
294,0,3,female,24.0,0,0,8.85,S,1,0,0,0,1,0,0,1,"(20, 40]",1,0,0,0,1,0,0,1,"(20, 40]"
295,0,3,male,24.0,0,0,7.8958,S,0,1,0,0,1,0,0,1,"(20, 40]",0,1,0,0,1,0,0,1,"(20, 40]"
296,0,1,male,28.0,0,0,27.7208,C,0,1,1,0,0,1,0,0,"(20, 40]",0,1,1,0,0,1,0,0,"(20, 40]"
297,0,3,male,23.5,0,0,7.2292,C,0,1,1,0,0,0,0,1,"(20, 40]",0,1,1,0,0,0,0,1,"(20, 40]"
298,0,1,female,2.0,1,2,151.55,S,1,0,0,0,1,1,0,0,"(0, 10]",1,0,0,0,1,1,0,0,"(0, 10]"
299,1,1,male,28.0,0,0,30.5,S,0,1,0,0,1,1,0,0,"(20, 40]",0,1,0,0,1,1,0,0,"(20, 40]"
300,1,1,female,50.0,0,1,247.5208,C,1,0,1,0,0,1,0,0,"(40, 60]",1,0,1,0,0,1,0,0,"(40, 60]"
301,1,3,female,28.0,0,0,7.75,Q,1,0,0,1,0,0,0,1,"(20, 40]",1,0,0,1,0,0,0,1,"(20, 40]"
302,1,3,male,28.0,2,0,23.25,Q,0,1,0,1,0,0,0,1,"(20, 40]",0,1,0,1,0,0,0,1,"(20, 40]"
303,0,3,male,19.0,0,0,0.0,S,0,1,0,0,1,0,0,1,"(10, 20]",0,1,0,0,1,0,0,1,"(10, 20]"
304,1,2,female,28.0,0,0,12.35,Q,1,0,0,1,0,0,1,0,"(20, 40]",1,0,0,1,0,0,1,0,"(20, 40]"
305,0,3,male,28.0,0,0,8.05,S,0,1,0,0,1,0,0,1,"(20, 40]",0,1,0,0,1,0,0,1,"(20, 40]"
306,1,1,male,0.92,1,2,151.55,S,0,1,0,0,1,1,0,0,"(0, 10]",0,1,0,0,1,1,0,0,"(0, 10]"
307,1,1,female,28.0,0,0,110.8833,C,1,0,1,0,0,1,0,0,"(20, 40]",1,0,1,0,0,1,0,0,"(20, 40]"
308,1,1,female,17.0,1,0,108.9,C,1,0,1,0,0,1,0,0,"(10, 20]",1,0,1,0,0,1,0,0,"(10, 20]"
309,0,2,male,30.0,1,0,24.0,C,0,1,1,0,0,0,1,0,"(20, 40]",0,1,1,0,0,0,1,0,"(20, 40]"
310,1,1,female,30.0,0,0,56.9292,C,1,0,1,0,0,1,0,0,"(20, 40]",1,0,1,0,0,1,0,0,"(20, 40]"
311,1,1,female,24.0,0,0,83.1583,C,1,0,1,0,0,1,0,0,"(20, 40]",1,0,1,0,0,1,0,0,"(20, 40]"
312,1,1,female,18.0,2,2,262.375,C,1,0,1,0,0,1,0,0,"(10, 20]",1,0,1,0,0,1,0,0,"(10, 20]"
313,0,2,female,26.0,1,1,26.0,S,1,0,0,0,1,0,1,0,"(20, 40]",1,0,0,0,1,0,1,0,"(20, 40]"
314,0,3,male,28.0,0,0,7.8958,S,0,1,0,0,1,0,0,1,"(20, 40]",0,1,0,0,1,0,0,1,"(20, 40]"
315,0,2,male,43.0,1,1,26.25,S,0,1,0,0,1,0,1,0,"(40, 60]",0,1,0,0,1,0,1,0,"(40, 60]"
316,1,3,female,26.0,0,0,7.8542,S,1,0,0,0,1,0,0,1,"(20, 40]",1,0,0,0,1,0,0,1,"(20, 40]"
317,1,2,female,24.0,1,0,26.0,S,1,0,0,0,1,0,1,0,"(20, 40]",1,0,0,0,1,0,1,0,"(20, 40]"
318,0,2,male,54.0,0,0,14.0,S,0,1,0,0,1,0,1,0,"(40, 60]",0,1,0,0,1,0,1,0,"(40, 60]"
319,1,1,female,31.0,0,2,164.8667,S,1,0,0,0,1,1,0,0,"(20, 40]",1,0,0,0,1,1,0,0,"(20, 40]"
320,1,1,female,40.0,1,1,134.5,C,1,0,1,0,0,1,0,0,"(20, 40]",1,0,1,0,0,1,0,0,"(20, 40]"
321,0,3,male,22.0,0,0,7.25,S,0,1,0,0,1,0,0,1,"(20, 40]",0,1,0,0,1,0,0,1,"(20, 40]"
322,0,3,male,27.0,0,0,7.8958,S,0,1,0,0,1,0,0,1,"(20, 40]",0,1,0,0,1,0,0,1,"(20, 40]"
323,1,2,female,30.0,0,0,12.35,Q,1,0,0,1,0,0,1,0,"(20, 40]",1,0,0,1,0,0,1,0,"(20, 40]"
324,1,2,female,22.0,1,1,29.0,S,1,0,0,0,1,0,1,0,"(20, 40]",1,0,0,0,1,0,1,0,"(20, 40]"
325,0,3,male,28.0,8,2,69.55,S,0,1,0,0,1,0,0,1,"(20, 40]",0,1,0,0,1,0,0,1,"(20, 40]"
326,1,1,female,36.0,0,0,135.6333,C,1,0,1,0,0,1,0,0,"(20, 40]",1,0,1,0,0,1,0,0,"(20, 40]"
327,0,3,male,61.0,0,0,6.2375,S,0,1,0,0,1,0,0,1,"(60, 80]",0,1,0,0,1,0,0,1,"(60, 80]"
328,1,2,female,36.0,0,0,13.0,S,1,0,0,0,1,0,1,0,"(20, 40]",1,0,0,0,1,0,1,0,"(20, 40]"
329,1,3,female,31.0,1,1,20.525,S,1,0,0,0,1,0,0,1,"(20, 40]",1,0,0,0,1,0,0,1,"(20, 40]"
330,1,1,female,16.0,0,1,57.9792,C,1,0,1,0,0,1,0,0,"(10, 20]",1,0,1,0,0,1,0,0,"(10, 20]"
331,1,3,female,28.0,2,0,23.25,Q,1,0,0,1,0,0,0,1,"(20, 40]",1,0,0,1,0,0,0,1,"(20, 40]"
332,0,1,male,45.5,0,0,28.5,S,0,1,0,0,1,1,0,0,"(40, 60]",0,1,0,0,1,1,0,0,"(40, 60]"
333,0,1,male,38.0,0,1,153.4625,S,0,1,0,0,1,1,0,0,"(20, 40]",0,1,0,0,1,1,0,0,"(20, 40]"
334,0,3,male,16.0,2,0,18.0,S,0,1,0,0,1,0,0,1,"(10, 20]",0,1,0,0,1,0,0,1,"(10, 20]"
335,1,1,female,28.0,1,0,133.65,S,1,0,0,0,1,1,0,0,"(20, 40]",1,0,0,0,1,1,0,0,"(20, 40]"
336,0,3,male,28.0,0,0,7.8958,S,0,1,0,0,1,0,0,1,"(20, 40]",0,1,0,0,1,0,0,1,"(20, 40]"
337,0,1,male,29.0,1,0,66.6,S,0,1,0,0,1,1,0,0,"(20, 40]",0,1,0,0,1,1,0,0,"(20, 40]"
338,1,1,female,41.0,0,0,134.5,C,1,0,1,0,0,1,0,0,"(40, 60]",1,0,1,0,0,1,0,0,"(40, 60]"
339,1,3,male,45.0,0,0,8.05,S,0,1,0,0,1,0,0,1,"(40, 60]",0,1,0,0,1,0,0,1,"(40, 60]"
340,0,1,male,45.0,0,0,35.5,S,0,1,0,0,1,1,0,0,"(40, 60]",0,1,0,0,1,1,0,0,"(40, 60]"
341,1,2,male,2.0,1,1,26.0,S,0,1,0,0,1,0,1,0,"(0, 10]",0,1,0,0,1,0,1,0,"(0, 10]"
342,1,1,female,24.0,3,2,263.0,S,1,0,0,0,1,1,0,0,"(20, 40]",1,0,0,0,1,1,0,0,"(20, 40]"
343,0,2,male,28.0,0,0,13.0,S,0,1,0,0,1,0,1,0,"(20, 40]",0,1,0,0,1,0,1,0,"(20, 40]"
344,0,2,male,25.0,0,0,13.0,S,0,1,0,0,1,0,1,0,"(20, 40]",0,1,0,0,1,0,1,0,"(20, 40]"
345,0,2,male,36.0,0,0,13.0,S,0,1,0,0,1,0,1,0,"(20, 40]",0,1,0,0,1,0,1,0,"(20, 40]"
346,1,2,female,24.0,0,0,13.0,S,1,0,0,0,1,0,1,0,"(20, 40]",1,0,0,0,1,0,1,0,"(20, 40]"
347,1,2,female,40.0,0,0,13.0,S,1,0,0,0,1,0,1,0,"(20, 40]",1,0,0,0,1,0,1,0,"(20, 40]"
348,1,3,female,28.0,1,0,16.1,S,1,0,0,0,1,0,0,1,"(20, 40]",1,0,0,0,1,0,0,1,"(20, 40]"
349,1,3,male,3.0,1,1,15.9,S,0,1,0,0,1,0,0,1,"(0, 10]",0,1,0,0,1,0,0,1,"(0, 10]"
350,0,3,male,42.0,0,0,8.6625,S,0,1,0,0,1,0,0,1,"(40, 60]",0,1,0,0,1,0,0,1,"(40, 60]"
351,0,3,male,23.0,0,0,9.225,S,0,1,0,0,1,0,0,1,"(20, 40]",0,1,0,0,1,0,0,1,"(20, 40]"
352,0,1,male,28.0,0,0,35.0,S,0,1,0,0,1,1,0,0,"(20, 40]",0,1,0,0,1,1,0,0,"(20, 40]"
353,0,3,male,15.0,1,1,7.2292,C,0,1,1,0,0,0,0,1,"(10, 20]",0,1,1,0,0,0,0,1,"(10, 20]"
354,0,3,male,25.0,1,0,17.8,S,0,1,0,0,1,0,0,1,"(20, 40]",0,1,0,0,1,0,0,1,"(20, 40]"
355,0,3,male,28.0,0,0,7.225,C,0,1,1,0,0,0,0,1,"(20, 40]",0,1,1,0,0,0,0,1,"(20, 40]"
356,0,3,male,28.0,0,0,9.5,S,0,1,0,0,1,0,0,1,"(20, 40]",0,1,0,0,1,0,0,1,"(20, 40]"
357,1,1,female,22.0,0,1,55.0,S,1,0,0,0,1,1,0,0,"(20, 40]",1,0,0,0,1,1,0,0,"(20, 40]"
358,0,2,female,38.0,0,0,13.0,S,1,0,0,0,1,0,1,0,"(20, 40]",1,0,0,0,1,0,1,0,"(20, 40]"
359,1,3,female,28.0,0,0,7.8792,Q,1,0,0,1,0,0,0,1,"(20, 40]",1,0,0,1,0,0,0,1,"(20, 40]"
360,1,3,female,28.0,0,0,7.8792,Q,1,0,0,1,0,0,0,1,"(20, 40]",1,0,0,1,0,0,0,1,"(20, 40]"
361,0,3,male,40.0,1,4,27.9,S,0,1,0,0,1,0,0,1,"(20, 40]",0,1,0,0,1,0,0,1,"(20, 40]"
362,0,2,male,29.0,1,0,27.7208,C,0,1,1,0,0,0,1,0,"(20, 40]",0,1,1,0,0,0,1,0,"(20, 40]"
363,0,3,female,45.0,0,1,14.4542,C,1,0,1,0,0,0,0,1,"(40, 60]",1,0,1,0,0,0,0,1,"(40, 60]"
364,0,3,male,35.0,0,0,7.05,S,0,1,0,0,1,0,0,1,"(20, 40]",0,1,0,0,1,0,0,1,"(20, 40]"
365,0,3,male,28.0,1,0,15.5,Q,0,1,0,1,0,0,0,1,"(20, 40]",0,1,0,1,0,0,0,1,"(20, 40]"
366,0,3,male,30.0,0,0,7.25,S,0,1,0,0,1,0,0,1,"(20, 40]",0,1,0,0,1,0,0,1,"(20, 40]"
367,1,1,female,60.0,1,0,75.25,C,1,0,1,0,0,1,0,0,"(40, 60]",1,0,1,0,0,1,0,0,"(40, 60]"
368,1,3,female,28.0,0,0,7.2292,C,1,0,1,0,0,0,0,1,"(20, 40]",1,0,1,0,0,0,0,1,"(20, 40]"
369,1,3,female,28.0,0,0,7.75,Q,1,0,0,1,0,0,0,1,"(20, 40]",1,0,0,1,0,0,0,1,"(20, 40]"
370,1,1,female,24.0,0,0,69.3,C,1,0,1,0,0,1,0,0,"(20, 40]",1,0,1,0,0,1,0,0,"(20, 40]"
371,1,1,male,25.0,1,0,55.4417,C,0,1,1,0,0,1,0,0,"(20, 40]",0,1,1,0,0,1,0,0,"(20, 40]"
372,0,3,male,18.0,1,0,6.4958,S,0,1,0,0,1,0,0,1,"(10, 20]",0,1,0,0,1,0,0,1,"(10, 20]"
373,0,3,male,19.0,0,0,8.05,S,0,1,0,0,1,0,0,1,"(10, 20]",0,1,0,0,1,0,0,1,"(10, 20]"
374,0,1,male,22.0,0,0,135.6333,C,0,1,1,0,0,1,0,0,"(20, 40]",0,1,1,0,0,1,0,0,"(20, 40]"
375,0,3,female,3.0,3,1,21.075,S,1,0,0,0,1,0,0,1,"(0, 10]",1,0,0,0,1,0,0,1,"(0, 10]"
376,1,1,female,28.0,1,0,82.1708,C,1,0,1,0,0,1,0,0,"(20, 40]",1,0,1,0,0,1,0,0,"(20, 40]"
377,1,3,female,22.0,0,0,7.25,S,1,0,0,0,1,0,0,1,"(20, 40]",1,0,0,0,1,0,0,1,"(20, 40]"
378,0,1,male,27.0,0,2,211.5,C,0,1,1,0,0,1,0,0,"(20, 40]",0,1,1,0,0,1,0,0,"(20, 40]"
379,0,3,male,20.0,0,0,4.0125,C,0,1,1,0,0,0,0,1,"(10, 20]",0,1,1,0,0,0,0,1,"(10, 20]"
380,0,3,male,19.0,0,0,7.775,S,0,1,0,0,1,0,0,1,"(10, 20]",0,1,0,0,1,0,0,1,"(10, 20]"
381,1,1,female,42.0,0,0,227.525,C,1,0,1,0,0,1,0,0,"(40, 60]",1,0,1,0,0,1,0,0,"(40, 60]"
382,1,3,female,1.0,0,2,15.7417,C,1,0,1,0,0,0,0,1,"(0, 10]",1,0,1,0,0,0,0,1,"(0, 10]"
383,0,3,male,32.0,0,0,7.925,S,0,1,0,0,1,0,0,1,"(20, 40]",0,1,0,0,1,0,0,1,"(20, 40]"
384,1,1,female,35.0,1,0,52.0,S,1,0,0,0,1,1,0,0,"(20, 40]",1,0,0,0,1,1,0,0,"(20, 40]"
385,0,3,male,28.0,0,0,7.8958,S,0,1,0,0,1,0,0,1,"(20, 40]",0,1,0,0,1,0,0,1,"(20, 40]"
386,0,2,male,18.0,0,0,73.5,S,0,1,0,0,1,0,1,0,"(10, 20]",0,1,0,0,1,0,1,0,"(10, 20]"
387,0,3,male,1.0,5,2,46.9,S,0,1,0,0,1,0,0,1,"(0, 10]",0,1,0,0,1,0,0,1,"(0, 10]"
388,1,2,female,36.0,0,0,13.0,S,1,0,0,0,1,0,1,0,"(20, 40]",1,0,0,0,1,0,1,0,"(20, 40]"
389,0,3,male,28.0,0,0,7.7292,Q,0,1,0,1,0,0,0,1,"(20, 40]",0,1,0,1,0,0,0,1,"(20, 40]"
390,1,2,female,17.0,0,0,12.0,C,1,0,1,0,0,0,1,0,"(10, 20]",1,0,1,0,0,0,1,0,"(10, 20]"
391,1,1,male,36.0,1,2,120.0,S,0,1,0,0,1,1,0,0,"(20, 40]",0,1,0,0,1,1,0,0,"(20, 40]"
392,1,3,male,21.0,0,0,7.7958,S,0,1,0,0,1,0,0,1,"(20, 40]",0,1,0,0,1,0,0,1,"(20, 40]"
393,0,3,male,28.0,2,0,7.925,S,0,1,0,0,1,0,0,1,"(20, 40]",0,1,0,0,1,0,0,1,"(20, 40]"
394,1,1,female,23.0,1,0,113.275,C,1,0,1,0,0,1,0,0,"(20, 40]",1,0,1,0,0,1,0,0,"(20, 40]"
395,1,3,female,24.0,0,2,16.7,S,1,0,0,0,1,0,0,1,"(20, 40]",1,0,0,0,1,0,0,1,"(20, 40]"
396,0,3,male,22.0,0,0,7.7958,S,0,1,0,0,1,0,0,1,"(20, 40]",0,1,0,0,1,0,0,1,"(20, 40]"
397,0,3,female,31.0,0,0,7.8542,S,1,0,0,0,1,0,0,1,"(20, 40]",1,0,0,0,1,0,0,1,"(20, 40]"
398,0,2,male,46.0,0,0,26.0,S,0,1,0,0,1,0,1,0,"(40, 60]",0,1,0,0,1,0,1,0,"(40, 60]"
399,0,2,male,23.0,0,0,10.5,S,0,1,0,0,1,0,1,0,"(20, 40]",0,1,0,0,1,0,1,0,"(20, 40]"
400,1,2,female,28.0,0,0,12.65,S,1,0,0,0,1,0,1,0,"(20, 40]",1,0,0,0,1,0,1,0,"(20, 40]"
401,1,3,male,39.0,0,0,7.925,S,0,1,0,0,1,0,0,1,"(20, 40]",0,1,0,0,1,0,0,1,"(20, 40]"
402,0,3,male,26.0,0,0,8.05,S,0,1,0,0,1,0,0,1,"(20, 40]",0,1,0,0,1,0,0,1,"(20, 40]"
403,0,3,female,21.0,1,0,9.825,S,1,0,0,0,1,0,0,1,"(20, 40]",1,0,0,0,1,0,0,1,"(20, 40]"
404,0,3,male,28.0,1,0,15.85,S,0,1,0,0,1,0,0,1,"(20, 40]",0,1,0,0,1,0,0,1,"(20, 40]"
405,0,3,female,20.0,0,0,8.6625,S,1,0,0,0,1,0,0,1,"(10, 20]",1,0,0,0,1,0,0,1,"(10, 20]"
406,0,2,male,34.0,1,0,21.0,S,0,1,0,0,1,0,1,0,"(20, 40]",0,1,0,0,1,0,1,0,"(20, 40]"
407,0,3,male,51.0,0,0,7.75,S,0,1,0,0,1,0,0,1,"(40, 60]",0,1,0,0,1,0,0,1,"(40, 60]"
408,1,2,male,3.0,1,1,18.75,S,0,1,0,0,1,0,1,0,"(0, 10]",0,1,0,0,1,0,1,0,"(0, 10]"
409,0,3,male,21.0,0,0,7.775,S,0,1,0,0,1,0,0,1,"(20, 40]",0,1,0,0,1,0,0,1,"(20, 40]"
410,0,3,female,28.0,3,1,25.4667,S,1,0,0,0,1,0,0,1,"(20, 40]",1,0,0,0,1,0,0,1,"(20, 40]"
411,0,3,male,28.0,0,0,7.8958,S,0,1,0,0,1,0,0,1,"(20, 40]",0,1,0,0,1,0,0,1,"(20, 40]"
412,0,3,male,28.0,0,0,6.8583,Q,0,1,0,1,0,0,0,1,"(20, 40]",0,1,0,1,0,0,0,1,"(20, 40]"
413,1,1,female,33.0,1,0,90.0,Q,1,0,0,1,0,1,0,0,"(20, 40]",1,0,0,1,0,1,0,0,"(20, 40]"
414,0,2,male,28.0,0,0,0.0,S,0,1,0,0,1,0,1,0,"(20, 40]",0,1,0,0,1,0,1,0,"(20, 40]"
415,1,3,male,44.0,0,0,7.925,S,0,1,0,0,1,0,0,1,"(40, 60]",0,1,0,0,1,0,0,1,"(40, 60]"
416,0,3,female,28.0,0,0,8.05,S,1,0,0,0,1,0,0,1,"(20, 40]",1,0,0,0,1,0,0,1,"(20, 40]"
417,1,2,female,34.0,1,1,32.5,S,1,0,0,0,1,0,1,0,"(20, 40]",1,0,0,0,1,0,1,0,"(20, 40]"
418,1,2,female,18.0,0,2,13.0,S,1,0,0,0,1,0,1,0,"(10, 20]",1,0,0,0,1,0,1,0,"(10, 20]"
419,0,2,male,30.0,0,0,13.0,S,0,1,0,0,1,0,1,0,"(20, 40]",0,1,0,0,1,0,1,0,"(20, 40]"
420,0,3,female,10.0,0,2,24.15,S,1,0,0,0,1,0,0,1,"(0, 10]",1,0,0,0,1,0,0,1,"(0, 10]"
421,0,3,male,28.0,0,0,7.8958,C,0,1,1,0,0,0,0,1,"(20, 40]",0,1,1,0,0,0,0,1,"(20, 40]"
422,0,3,male,21.0,0,0,7.7333,Q,0,1,0,1,0,0,0,1,"(20, 40]",0,1,0,1,0,0,0,1,"(20, 40]"
423,0,3,male,29.0,0,0,7.875,S,0,1,0,0,1,0,0,1,"(20, 40]",0,1,0,0,1,0,0,1,"(20, 40]"
424,0,3,female,28.0,1,1,14.4,S,1,0,0,0,1,0,0,1,"(20, 40]",1,0,0,0,1,0,0,1,"(20, 40]"
425,0,3,male,18.0,1,1,20.2125,S,0,1,0,0,1,0,0,1,"(10, 20]",0,1,0,0,1,0,0,1,"(10, 20]"
426,0,3,male,28.0,0,0,7.25,S,0,1,0,0,1,0,0,1,"(20, 40]",0,1,0,0,1,0,0,1,"(20, 40]"
427,1,2,female,28.0,1,0,26.0,S,1,0,0,0,1,0,1,0,"(20, 40]",1,0,0,0,1,0,1,0,"(20, 40]"
428,1,2,female,19.0,0,0,26.0,S,1,0,0,0,1,0,1,0,"(10, 20]",1,0,0,0,1,0,1,0,"(10, 20]"
429,0,3,male,28.0,0,0,7.75,Q,0,1,0,1,0,0,0,1,"(20, 40]",0,1,0,1,0,0,0,1,"(20, 40]"
430,1,3,male,32.0,0,0,8.05,S,0,1,0,0,1,0,0,1,"(20, 40]",0,1,0,0,1,0,0,1,"(20, 40]"
431,1,1,male,28.0,0,0,26.55,S,0,1,0,0,1,1,0,0,"(20, 40]",0,1,0,0,1,1,0,0,"(20, 40]"
432,1,3,female,28.0,1,0,16.1,S,1,0,0,0,1,0,0,1,"(20, 40]",1,0,0,0,1,0,0,1,"(20, 40]"
433,1,2,female,42.0,1,0,26.0,S,1,0,0,0,1,0,1,0,"(40, 60]",1,0,0,0,1,0,1,0,"(40, 60]"
434,0,3,male,17.0,0,0,7.125,S,0,1,0,0,1,0,0,1,"(10, 20]",0,1,0,0,1,0,0,1,"(10, 20]"
435,0,1,male,50.0,1,0,55.9,S,0,1,0,0,1,1,0,0,"(40, 60]",0,1,0,0,1,1,0,0,"(40, 60]"
436,1,1,female,14.0,1,2,120.0,S,1,0,0,0,1,1,0,0,"(10, 20]",1,0,0,0,1,1,0,0,"(10, 20]"
437,0,3,female,21.0,2,2,34.375,S,1,0,0,0,1,0,0,1,"(20, 40]",1,0,0,0,1,0,0,1,"(20, 40]"
438,1,2,female,24.0,2,3,18.75,S,1,0,0,0,1,0,1,0,"(20, 40]",1,0,0,0,1,0,1,0,"(20, 40]"
439,0,1,male,64.0,1,4,263.0,S,0,1,0,0,1,1,0,0,"(60, 80]",0,1,0,0,1,1,0,0,"(60, 80]"
440,0,2,male,31.0,0,0,10.5,S,0,1,0,0,1,0,1,0,"(20, 40]",0,1,0,0,1,0,1,0,"(20, 40]"
441,1,2,female,45.0,1,1,26.25,S,1,0,0,0,1,0,1,0,"(40, 60]",1,0,0,0,1,0,1,0,"(40, 60]"
442,0,3,male,20.0,0,0,9.5,S,0,1,0,0,1,0,0,1,"(10, 20]",0,1,0,0,1,0,0,1,"(10, 20]"
443,0,3,male,25.0,1,0,7.775,S,0,1,0,0,1,0,0,1,"(20, 40]",0,1,0,0,1,0,0,1,"(20, 40]"
444,1,2,female,28.0,0,0,13.0,S,1,0,0,0,1,0,1,0,"(20, 40]",1,0,0,0,1,0,1,0,"(20, 40]"
445,1,3,male,28.0,0,0,8.1125,S,0,1,0,0,1,0,0,1,"(20, 40]",0,1,0,0,1,0,0,1,"(20, 40]"
446,1,1,male,4.0,0,2,81.8583,S,0,1,0,0,1,1,0,0,"(0, 10]",0,1,0,0,1,1,0,0,"(0, 10]"
447,1,2,female,13.0,0,1,19.5,S,1,0,0,0,1,0,1,0,"(10, 20]",1,0,0,0,1,0,1,0,"(10, 20]"
448,1,1,male,34.0,0,0,26.55,S,0,1,0,0,1,1,0,0,"(20, 40]",0,1,0,0,1,1,0,0,"(20, 40]"
449,1,3,female,5.0,2,1,19.2583,C,1,0,1,0,0,0,0,1,"(0, 10]",1,0,1,0,0,0,0,1,"(0, 10]"
450,1,1,male,52.0,0,0,30.5,S,0,1,0,0,1,1,0,0,"(40, 60]",0,1,0,0,1,1,0,0,"(40, 60]"
451,0,2,male,36.0,1,2,27.75,S,0,1,0,0,1,0,1,0,"(20, 40]",0,1,0,0,1,0,1,0,"(20, 40]"
452,0,3,male,28.0,1,0,19.9667,S,0,1,0,0,1,0,0,1,"(20, 40]",0,1,0,0,1,0,0,1,"(20, 40]"
453,0,1,male,30.0,0,0,27.75,C,0,1,1,0,0,1,0,0,"(20, 40]",0,1,1,0,0,1,0,0,"(20, 40]"
454,1,1,male,49.0,1,0,89.1042,C,0,1,1,0,0,1,0,0,"(40, 60]",0,1,1,0,0,1,0,0,"(40, 60]"
455,0,3,male,28.0,0,0,8.05,S,0,1,0,0,1,0,0,1,"(20, 40]",0,1,0,0,1,0,0,1,"(20, 40]"
456,1,3,male,29.0,0,0,7.8958,C,0,1,1,0,0,0,0,1,"(20, 40]",0,1,1,0,0,0,0,1,"(20, 40]"
457,0,1,male,65.0,0,0,26.55,S,0,1,0,0,1,1,0,0,"(60, 80]",0,1,0,0,1,1,0,0,"(60, 80]"
458,1,1,female,28.0,1,0,51.8625,S,1,0,0,0,1,1,0,0,"(20, 40]",1,0,0,0,1,1,0,0,"(20, 40]"
459,1,2,female,50.0,0,0,10.5,S,1,0,0,0,1,0,1,0,"(40, 60]",1,0,0,0,1,0,1,0,"(40, 60]"
460,0,3,male,28.0,0,0,7.75,Q,0,1,0,1,0,0,0,1,"(20, 40]",0,1,0,1,0,0,0,1,"(20, 40]"
461,1,1,male,48.0,0,0,26.55,S,0,1,0,0,1,1,0,0,"(40, 60]",0,1,0,0,1,1,0,0,"(40, 60]"
462,0,3,male,34.0,0,0,8.05,S,0,1,0,0,1,0,0,1,"(20, 40]",0,1,0,0,1,0,0,1,"(20, 40]"
463,0,1,male,47.0,0,0,38.5,S,0,1,0,0,1,1,0,0,"(40, 60]",0,1,0,0,1,1,0,0,"(40, 60]"
464,0,2,male,48.0,0,0,13.0,S,0,1,0,0,1,0,1,0,"(40, 60]",0,1,0,0,1,0,1,0,"(40, 60]"
465,0,3,male,28.0,0,0,8.05,S,0,1,0,0,1,0,0,1,"(20, 40]",0,1,0,0,1,0,0,1,"(20, 40]"
466,0,3,male,38.0,0,0,7.05,S,0,1,0,0,1,0,0,1,"(20, 40]",0,1,0,0,1,0,0,1,"(20, 40]"
467,0,2,male,28.0,0,0,0.0,S,0,1,0,0,1,0,1,0,"(20, 40]",0,1,0,0,1,0,1,0,"(20, 40]"
468,0,1,male,56.0,0,0,26.55,S,0,1,0,0,1,1,0,0,"(40, 60]",0,1,0,0,1,1,0,0,"(40, 60]"
469,0,3,male,28.0,0,0,7.725,Q,0,1,0,1,0,0,0,1,"(20, 40]",0,1,0,1,0,0,0,1,"(20, 40]"
470,1,3,female,0.75,2,1,19.2583,C,1,0,1,0,0,0,0,1,"(0, 10]",1,0,1,0,0,0,0,1,"(0, 10]"
471,0,3,male,28.0,0,0,7.25,S,0,1,0,0,1,0,0,1,"(20, 40]",0,1,0,0,1,0,0,1,"(20, 40]"
472,0,3,male,38.0,0,0,8.6625,S,0,1,0,0,1,0,0,1,"(20, 40]",0,1,0,0,1,0,0,1,"(20, 40]"
473,1,2,female,33.0,1,2,27.75,S,1,0,0,0,1,0,1,0,"(20, 40]",1,0,0,0,1,0,1,0,"(20, 40]"
474,1,2,female,23.0,0,0,13.7917,C,1,0,1,0,0,0,1,0,"(20, 40]",1,0,1,0,0,0,1,0,"(20, 40]"
475,0,3,female,22.0,0,0,9.8375,S,1,0,0,0,1,0,0,1,"(20, 40]",1,0,0,0,1,0,0,1,"(20, 40]"
476,0,1,male,28.0,0,0,52.0,S,0,1,0,0,1,1,0,0,"(20, 40]",0,1,0,0,1,1,0,0,"(20, 40]"
477,0,2,male,34.0,1,0,21.0,S,0,1,0,0,1,0,1,0,"(20, 40]",0,1,0,0,1,0,1,0,"(20, 40]"
478,0,3,male,29.0,1,0,7.0458,S,0,1,0,0,1,0,0,1,"(20, 40]",0,1,0,0,1,0,0,1,"(20, 40]"
479,0,3,male,22.0,0,0,7.5208,S,0,1,0,0,1,0,0,1,"(20, 40]",0,1,0,0,1,0,0,1,"(20, 40]"
480,1,3,female,2.0,0,1,12.2875,S,1,0,0,0,1,0,0,1,"(0, 10]",1,0,0,0,1,0,0,1,"(0, 10]"
481,0,3,male,9.0,5,2,46.9,S,0,1,0,0,1,0,0,1,"(0, 10]",0,1,0,0,1,0,0,1,"(0, 10]"
482,0,2,male,28.0,0,0,0.0,S,0,1,0,0,1,0,1,0,"(20, 40]",0,1,0,0,1,0,1,0,"(20, 40]"
483,0,3,male,50.0,0,0,8.05,S,0,1,0,0,1,0,0,1,"(40, 60]",0,1,0,0,1,0,0,1,"(40, 60]"
484,1,3,female,63.0,0,0,9.5875,S,1,0,0,0,1,0,0,1,"(60, 80]",1,0,0,0,1,0,0,1,"(60, 80]"
485,1,1,male,25.0,1,0,91.0792,C,0,1,1,0,0,1,0,0,"(20, 40]",0,1,1,0,0,1,0,0,"(20, 40]"
486,0,3,female,28.0,3,1,25.4667,S,1,0,0,0,1,0,0,1,"(20, 40]",1,0,0,0,1,0,0,1,"(20, 40]"
487,1,1,female,35.0,1,0,90.0,S,1,0,0,0,1,1,0,0,"(20, 40]",1,0,0,0,1,1,0,0,"(20, 40]"
488,0,1,male,58.0,0,0,29.7,C,0,1,1,0,0,1,0,0,"(40, 60]",0,1,1,0,0,1,0,0,"(40, 60]"
489,0,3,male,30.0,0,0,8.05,S,0,1,0,0,1,0,0,1,"(20, 40]",0,1,0,0,1,0,0,1,"(20, 40]"
490,1,3,male,9.0,1,1,15.9,S,0,1,0,0,1,0,0,1,"(0, 10]",0,1,0,0,1,0,0,1,"(0, 10]"
491,0,3,male,28.0,1,0,19.9667,S,0,1,0,0,1,0,0,1,"(20, 40]",0,1,0,0,1,0,0,1,"(20, 40]"
492,0,3,male,21.0,0,0,7.25,S,0,1,0,0,1,0,0,1,"(20, 40]",0,1,0,0,1,0,0,1,"(20, 40]"
493,0,1,male,55.0,0,0,30.5,S,0,1,0,0,1,1,0,0,"(40, 60]",0,1,0,0,1,1,0,0,"(40, 60]"
494,0,1,male,71.0,0,0,49.5042,C,0,1,1,0,0,1,0,0,"(60, 80]",0,1,1,0,0,1,0,0,"(60, 80]"
495,0,3,male,21.0,0,0,8.05,S,0,1,0,0,1,0,0,1,"(20, 40]",0,1,0,0,1,0,0,1,"(20, 40]"
496,0,3,male,28.0,0,0,14.4583,C,0,1,1,0,0,0,0,1,"(20, 40]",0,1,1,0,0,0,0,1,"(20, 40]"
497,1,1,female,54.0,1,0,78.2667,C,1,0,1,0,0,1,0,0,"(40, 60]",1,0,1,0,0,1,0,0,"(40, 60]"
498,0,3,male,28.0,0,0,15.1,S,0,1,0,0,1,0,0,1,"(20, 40]",0,1,0,0,1,0,0,1,"(20, 40]"
499,0,1,female,25.0,1,2,151.55,S,1,0,0,0,1,1,0,0,"(20, 40]",1,0,0,0,1,1,0,0,"(20, 40]"
500,0,3,male,24.0,0,0,7.7958,S,0,1,0,0,1,0,0,1,"(20, 40]",0,1,0,0,1,0,0,1,"(20, 40]"
501,0,3,male,17.0,0,0,8.6625,S,0,1,0,0,1,0,0,1,"(10, 20]",0,1,0,0,1,0,0,1,"(10, 20]"
502,0,3,female,21.0,0,0,7.75,Q,1,0,0,1,0,0,0,1,"(20, 40]",1,0,0,1,0,0,0,1,"(20, 40]"
503,0,3,female,28.0,0,0,7.6292,Q,1,0,0,1,0,0,0,1,"(20, 40]",1,0,0,1,0,0,0,1,"(20, 40]"
504,0,3,female,37.0,0,0,9.5875,S,1,0,0,0,1,0,0,1,"(20, 40]",1,0,0,0,1,0,0,1,"(20, 40]"
505,1,1,female,16.0,0,0,86.5,S,1,0,0,0,1,1,0,0,"(10, 20]",1,0,0,0,1,1,0,0,"(10, 20]"
506,0,1,male,18.0,1,0,108.9,C,0,1,1,0,0,1,0,0,"(10, 20]",0,1,1,0,0,1,0,0,"(10, 20]"
507,1,2,female,33.0,0,2,26.0,S,1,0,0,0,1,0,1,0,"(20, 40]",1,0,0,0,1,0,1,0,"(20, 40]"
508,1,1,male,28.0,0,0,26.55,S,0,1,0,0,1,1,0,0,"(20, 40]",0,1,0,0,1,1,0,0,"(20, 40]"
509,0,3,male,28.0,0,0,22.525,S,0,1,0,0,1,0,0,1,"(20, 40]",0,1,0,0,1,0,0,1,"(20, 40]"
510,1,3,male,26.0,0,0,56.4958,S,0,1,0,0,1,0,0,1,"(20, 40]",0,1,0,0,1,0,0,1,"(20, 40]"
511,1,3,male,29.0,0,0,7.75,Q,0,1,0,1,0,0,0,1,"(20, 40]",0,1,0,1,0,0,0,1,"(20, 40]"
512,0,3,male,28.0,0,0,8.05,S,0,1,0,0,1,0,0,1,"(20, 40]",0,1,0,0,1,0,0,1,"(20, 40]"
513,1,1,male,36.0,0,0,26.2875,S,0,1,0,0,1,1,0,0,"(20, 40]",0,1,0,0,1,1,0,0,"(20, 40]"
514,1,1,female,54.0,1,0,59.4,C,1,0,1,0,0,1,0,0,"(40, 60]",1,0,1,0,0,1,0,0,"(40, 60]"
515,0,3,male,24.0,0,0,7.4958,S,0,1,0,0,1,0,0,1,"(20, 40]",0,1,0,0,1,0,0,1,"(20, 40]"
516,0,1,male,47.0,0,0,34.0208,S,0,1,0,0,1,1,0,0,"(40, 60]",0,1,0,0,1,1,0,0,"(40, 60]"
517,1,2,female,34.0,0,0,10.5,S,1,0,0,0,1,0,1,0,"(20, 40]",1,0,0,0,1,0,1,0,"(20, 40]"
518,0,3,male,28.0,0,0,24.15,Q,0,1,0,1,0,0,0,1,"(20, 40]",0,1,0,1,0,0,0,1,"(20, 40]"
519,1,2,female,36.0,1,0,26.0,S,1,0,0,0,1,0,1,0,"(20, 40]",1,0,0,0,1,0,1,0,"(20, 40]"
520,0,3,male,32.0,0,0,7.8958,S,0,1,0,0,1,0,0,1,"(20, 40]",0,1,0,0,1,0,0,1,"(20, 40]"
521,1,1,female,30.0,0,0,93.5,S,1,0,0,0,1,1,0,0,"(20, 40]",1,0,0,0,1,1,0,0,"(20, 40]"
522,0,3,male,22.0,0,0,7.8958,S,0,1,0,0,1,0,0,1,"(20, 40]",0,1,0,0,1,0,0,1,"(20, 40]"
523,0,3,male,28.0,0,0,7.225,C,0,1,1,0,0,0,0,1,"(20, 40]",0,1,1,0,0,0,0,1,"(20, 40]"
524,1,1,female,44.0,0,1,57.9792,C,1,0,1,0,0,1,0,0,"(40, 60]",1,0,1,0,0,1,0,0,"(40, 60]"
525,0,3,male,28.0,0,0,7.2292,C,0,1,1,0,0,0,0,1,"(20, 40]",0,1,1,0,0,0,0,1,"(20, 40]"
526,0,3,male,40.5,0,0,7.75,Q,0,1,0,1,0,0,0,1,"(40, 60]",0,1,0,1,0,0,0,1,"(40, 60]"
527,1,2,female,50.0,0,0,10.5,S,1,0,0,0,1,0,1,0,"(40, 60]",1,0,0,0,1,0,1,0,"(40, 60]"
528,0,1,male,28.0,0,0,221.7792,S,0,1,0,0,1,1,0,0,"(20, 40]",0,1,0,0,1,1,0,0,"(20, 40]"
529,0,3,male,39.0,0,0,7.925,S,0,1,0,0,1,0,0,1,"(20, 40]",0,1,0,0,1,0,0,1,"(20, 40]"
530,0,2,male,23.0,2,1,11.5,S,0,1,0,0,1,0,1,0,"(20, 40]",0,1,0,0,1,0,1,0,"(20, 40]"
531,1,2,female,2.0,1,1,26.0,S,1,0,0,0,1,0,1,0,"(0, 10]",1,0,0,0,1,0,1,0,"(0, 10]"
532,0,3,male,28.0,0,0,7.2292,C,0,1,1,0,0,0,0,1,"(20, 40]",0,1,1,0,0,0,0,1,"(20, 40]"
533,0,3,male,17.0,1,1,7.2292,C,0,1,1,0,0,0,0,1,"(10, 20]",0,1,1,0,0,0,0,1,"(10, 20]"
534,1,3,female,28.0,0,2,22.3583,C,1,0,1,0,0,0,0,1,"(20, 40]",1,0,1,0,0,0,0,1,"(20, 40]"
535,0,3,female,30.0,0,0,8.6625,S,1,0,0,0,1,0,0,1,"(20, 40]",1,0,0,0,1,0,0,1,"(20, 40]"
536,1,2,female,7.0,0,2,26.25,S,1,0,0,0,1,0,1,0,"(0, 10]",1,0,0,0,1,0,1,0,"(0, 10]"
537,0,1,male,45.0,0,0,26.55,S,0,1,0,0,1,1,0,0,"(40, 60]",0,1,0,0,1,1,0,0,"(40, 60]"
538,1,1,female,30.0,0,0,106.425,C,1,0,1,0,0,1,0,0,"(20, 40]",1,0,1,0,0,1,0,0,"(20, 40]"
539,0,3,male,28.0,0,0,14.5,S,0,1,0,0,1,0,0,1,"(20, 40]",0,1,0,0,1,0,0,1,"(20, 40]"
540,1,1,female,22.0,0,2,49.5,C,1,0,1,0,0,1,0,0,"(20, 40]",1,0,1,0,0,1,0,0,"(20, 40]"
541,1,1,female,36.0,0,2,71.0,S,1,0,0,0,1,1,0,0,"(20, 40]",1,0,0,0,1,1,0,0,"(20, 40]"
542,0,3,female,9.0,4,2,31.275,S,1,0,0,0,1,0,0,1,"(0, 10]",1,0,0,0,1,0,0,1,"(0, 10]"
543,0,3,female,11.0,4,2,31.275,S,1,0,0,0,1,0,0,1,"(10, 20]",1,0,0,0,1,0,0,1,"(10, 20]"
544,1,2,male,32.0,1,0,26.0,S,0,1,0,0,1,0,1,0,"(20, 40]",0,1,0,0,1,0,1,0,"(20, 40]"
545,0,1,male,50.0,1,0,106.425,C,0,1,1,0,0,1,0,0,"(40, 60]",0,1,1,0,0,1,0,0,"(40, 60]"
546,0,1,male,64.0,0,0,26.0,S,0,1,0,0,1,1,0,0,"(60, 80]",0,1,0,0,1,1,0,0,"(60, 80]"
547,1,2,female,19.0,1,0,26.0,S,1,0,0,0,1,0,1,0,"(10, 20]",1,0,0,0,1,0,1,0,"(10, 20]"
548,1,2,male,28.0,0,0,13.8625,C,0,1,1,0,0,0,1,0,"(20, 40]",0,1,1,0,0,0,1,0,"(20, 40]"
549,0,3,male,33.0,1,1,20.525,S,0,1,0,0,1,0,0,1,"(20, 40]",0,1,0,0,1,0,0,1,"(20, 40]"
550,1,2,male,8.0,1,1,36.75,S,0,1,0,0,1,0,1,0,"(0, 10]",0,1,0,0,1,0,1,0,"(0, 10]"
551,1,1,male,17.0,0,2,110.8833,C,0,1,1,0,0,1,0,0,"(10, 20]",0,1,1,0,0,1,0,0,"(10, 20]"
552,0,2,male,27.0,0,0,26.0,S,0,1,0,0,1,0,1,0,"(20, 40]",0,1,0,0,1,0,1,0,"(20, 40]"
553,0,3,male,28.0,0,0,7.8292,Q,0,1,0,1,0,0,0,1,"(20, 40]",0,1,0,1,0,0,0,1,"(20, 40]"
554,1,3,male,22.0,0,0,7.225,C,0,1,1,0,0,0,0,1,"(20, 40]",0,1,1,0,0,0,0,1,"(20, 40]"
555,1,3,female,22.0,0,0,7.775,S,1,0,0,0,1,0,0,1,"(20, 40]",1,0,0,0,1,0,0,1,"(20, 40]"
556,0,1,male,62.0,0,0,26.55,S,0,1,0,0,1,1,0,0,"(60, 80]",0,1,0,0,1,1,0,0,"(60, 80]"
557,1,1,female,48.0,1,0,39.6,C,1,0,1,0,0,1,0,0,"(40, 60]",1,0,1,0,0,1,0,0,"(40, 60]"
558,0,1,male,28.0,0,0,227.525,C,0,1,1,0,0,1,0,0,"(20, 40]",0,1,1,0,0,1,0,0,"(20, 40]"
559,1,1,female,39.0,1,1,79.65,S,1,0,0,0,1,1,0,0,"(20, 40]",1,0,0,0,1,1,0,0,"(20, 40]"
560,1,3,female,36.0,1,0,17.4,S,1,0,0,0,1,0,0,1,"(20, 40]",1,0,0,0,1,0,0,1,"(20, 40]"
561,0,3,male,28.0,0,0,7.75,Q,0,1,0,1,0,0,0,1,"(20, 40]",0,1,0,1,0,0,0,1,"(20, 40]"
562,0,3,male,40.0,0,0,7.8958,S,0,1,0,0,1,0,0,1,"(20, 40]",0,1,0,0,1,0,0,1,"(20, 40]"
563,0,2,male,28.0,0,0,13.5,S,0,1,0,0,1,0,1,0,"(20, 40]",0,1,0,0,1,0,1,0,"(20, 40]"
564,0,3,male,28.0,0,0,8.05,S,0,1,0,0,1,0,0,1,"(20, 40]",0,1,0,0,1,0,0,1,"(20, 40]"
565,0,3,female,28.0,0,0,8.05,S,1,0,0,0,1,0,0,1,"(20, 40]",1,0,0,0,1,0,0,1,"(20, 40]"
566,0,3,male,24.0,2,0,24.15,S,0,1,0,0,1,0,0,1,"(20, 40]",0,1,0,0,1,0,0,1,"(20, 40]"
567,0,3,male,19.0,0,0,7.8958,S,0,1,0,0,1,0,0,1,"(10, 20]",0,1,0,0,1,0,0,1,"(10, 20]"
568,0,3,female,29.0,0,4,21.075,S,1,0,0,0,1,0,0,1,"(20, 40]",1,0,0,0,1,0,0,1,"(20, 40]"
569,0,3,male,28.0,0,0,7.2292,C,0,1,1,0,0,0,0,1,"(20, 40]",0,1,1,0,0,0,0,1,"(20, 40]"
570,1,3,male,32.0,0,0,7.8542,S,0,1,0,0,1,0,0,1,"(20, 40]",0,1,0,0,1,0,0,1,"(20, 40]"
571,1,2,male,62.0,0,0,10.5,S,0,1,0,0,1,0,1,0,"(60, 80]",0,1,0,0,1,0,1,0,"(60, 80]"
572,1,1,female,53.0,2,0,51.4792,S,1,0,0,0,1,1,0,0,"(40, 60]",1,0,0,0,1,1,0,0,"(40, 60]"
573,1,1,male,36.0,0,0,26.3875,S,0,1,0,0,1,1,0,0,"(20, 40]",0,1,0,0,1,1,0,0,"(20, 40]"
574,1,3,female,28.0,0,0,7.75,Q,1,0,0,1,0,0,0,1,"(20, 40]",1,0,0,1,0,0,0,1,"(20, 40]"
575,0,3,male,16.0,0,0,8.05,S,0,1,0,0,1,0,0,1,"(10, 20]",0,1,0,0,1,0,0,1,"(10, 20]"
576,0,3,male,19.0,0,0,14.5,S,0,1,0,0,1,0,0,1,"(10, 20]",0,1,0,0,1,0,0,1,"(10, 20]"
577,1,2,female,34.0,0,0,13.0,S,1,0,0,0,1,0,1,0,"(20, 40]",1,0,0,0,1,0,1,0,"(20, 40]"
578,1,1,female,39.0,1,0,55.9,S,1,0,0,0,1,1,0,0,"(20, 40]",1,0,0,0,1,1,0,0,"(20, 40]"
579,0,3,female,28.0,1,0,14.4583,C,1,0,1,0,0,0,0,1,"(20, 40]",1,0,1,0,0,0,0,1,"(20, 40]"
580,1,3,male,32.0,0,0,7.925,S,0,1,0,0,1,0,0,1,"(20, 40]",0,1,0,0,1,0,0,1,"(20, 40]"
581,1,2,female,25.0,1,1,30.0,S,1,0,0,0,1,0,1,0,"(20, 40]",1,0,0,0,1,0,1,0,"(20, 40]"
582,1,1,female,39.0,1,1,110.8833,C,1,0,1,0,0,1,0,0,"(20, 40]",1,0,1,0,0,1,0,0,"(20, 40]"
583,0,2,male,54.0,0,0,26.0,S,0,1,0,0,1,0,1,0,"(40, 60]",0,1,0,0,1,0,1,0,"(40, 60]"
584,0,1,male,36.0,0,0,40.125,C,0,1,1,0,0,1,0,0,"(20, 40]",0,1,1,0,0,1,0,0,"(20, 40]"
585,0,3,male,28.0,0,0,8.7125,C,0,1,1,0,0,0,0,1,"(20, 40]",0,1,1,0,0,0,0,1,"(20, 40]"
586,1,1,female,18.0,0,2,79.65,S,1,0,0,0,1,1,0,0,"(10, 20]",1,0,0,0,1,1,0,0,"(10, 20]"
587,0,2,male,47.0,0,0,15.0,S,0,1,0,0,1,0,1,0,"(40, 60]",0,1,0,0,1,0,1,0,"(40, 60]"
588,1,1,male,60.0,1,1,79.2,C,0,1,1,0,0,1,0,0,"(40, 60]",0,1,1,0,0,1,0,0,"(40, 60]"
589,0,3,male,22.0,0,0,8.05,S,0,1,0,0,1,0,0,1,"(20, 40]",0,1,0,0,1,0,0,1,"(20, 40]"
590,0,3,male,28.0,0,0,8.05,S,0,1,0,0,1,0,0,1,"(20, 40]",0,1,0,0,1,0,0,1,"(20, 40]"
591,0,3,male,35.0,0,0,7.125,S,0,1,0,0,1,0,0,1,"(20, 40]",0,1,0,0,1,0,0,1,"(20, 40]"
592,1,1,female,52.0,1,0,78.2667,C,1,0,1,0,0,1,0,0,"(40, 60]",1,0,1,0,0,1,0,0,"(40, 60]"
593,0,3,male,47.0,0,0,7.25,S,0,1,0,0,1,0,0,1,"(40, 60]",0,1,0,0,1,0,0,1,"(40, 60]"
594,0,3,female,28.0,0,2,7.75,Q,1,0,0,1,0,0,0,1,"(20, 40]",1,0,0,1,0,0,0,1,"(20, 40]"
595,0,2,male,37.0,1,0,26.0,S,0,1,0,0,1,0,1,0,"(20, 40]",0,1,0,0,1,0,1,0,"(20, 40]"
596,0,3,male,36.0,1,1,24.15,S,0,1,0,0,1,0,0,1,"(20, 40]",0,1,0,0,1,0,0,1,"(20, 40]"
597,1,2,female,28.0,0,0,33.0,S,1,0,0,0,1,0,1,0,"(20, 40]",1,0,0,0,1,0,1,0,"(20, 40]"
598,0,3,male,49.0,0,0,0.0,S,0,1,0,0,1,0,0,1,"(40, 60]",0,1,0,0,1,0,0,1,"(40, 60]"
599,0,3,male,28.0,0,0,7.225,C,0,1,1,0,0,0,0,1,"(20, 40]",0,1,1,0,0,0,0,1,"(20, 40]"
600,1,1,male,49.0,1,0,56.9292,C,0,1,1,0,0,1,0,0,"(40, 60]",0,1,1,0,0,1,0,0,"(40, 60]"
601,1,2,female,24.0,2,1,27.0,S,1,0,0,0,1,0,1,0,"(20, 40]",1,0,0,0,1,0,1,0,"(20, 40]"
602,0,3,male,28.0,0,0,7.8958,S,0,1,0,0,1,0,0,1,"(20, 40]",0,1,0,0,1,0,0,1,"(20, 40]"
603,0,1,male,28.0,0,0,42.4,S,0,1,0,0,1,1,0,0,"(20, 40]",0,1,0,0,1,1,0,0,"(20, 40]"
604,0,3,male,44.0,0,0,8.05,S,0,1,0,0,1,0,0,1,"(40, 60]",0,1,0,0,1,0,0,1,"(40, 60]"
605,1,1,male,35.0,0,0,26.55,C,0,1,1,0,0,1,0,0,"(20, 40]",0,1,1,0,0,1,0,0,"(20, 40]"
606,0,3,male,36.0,1,0,15.55,S,0,1,0,0,1,0,0,1,"(20, 40]",0,1,0,0,1,0,0,1,"(20, 40]"
607,0,3,male,30.0,0,0,7.8958,S,0,1,0,0,1,0,0,1,"(20, 40]",0,1,0,0,1,0,0,1,"(20, 40]"
608,1,1,male,27.0,0,0,30.5,S,0,1,0,0,1,1,0,0,"(20, 40]",0,1,0,0,1,1,0,0,"(20, 40]"
609,1,2,female,22.0,1,2,41.5792,C,1,0,1,0,0,0,1,0,"(20, 40]",1,0,1,0,0,0,1,0,"(20, 40]"
610,1,1,female,40.0,0,0,153.4625,S,1,0,0,0,1,1,0,0,"(20, 40]",1,0,0,0,1,1,0,0,"(20, 40]"
611,0,3,female,39.0,1,5,31.275,S,1,0,0,0,1,0,0,1,"(20, 40]",1,0,0,0,1,0,0,1,"(20, 40]"
612,0,3,male,28.0,0,0,7.05,S,0,1,0,0,1,0,0,1,"(20, 40]",0,1,0,0,1,0,0,1,"(20, 40]"
613,1,3,female,28.0,1,0,15.5,Q,1,0,0,1,0,0,0,1,"(20, 40]",1,0,0,1,0,0,0,1,"(20, 40]"
614,0,3,male,28.0,0,0,7.75,Q,0,1,0,1,0,0,0,1,"(20, 40]",0,1,0,1,0,0,0,1,"(20, 40]"
615,0,3,male,35.0,0,0,8.05,S,0,1,0,0,1,0,0,1,"(20, 40]",0,1,0,0,1,0,0,1,"(20, 40]"
616,1,2,female,24.0,1,2,65.0,S,1,0,0,0,1,0,1,0,"(20, 40]",1,0,0,0,1,0,1,0,"(20, 40]"
617,0,3,male,34.0,1,1,14.4,S,0,1,0,0,1,0,0,1,"(20, 40]",0,1,0,0,1,0,0,1,"(20, 40]"
618,0,3,female,26.0,1,0,16.1,S,1,0,0,0,1,0,0,1,"(20, 40]",1,0,0,0,1,0,0,1,"(20, 40]"
619,1,2,female,4.0,2,1,39.0,S,1,0,0,0,1,0,1,0,"(0, 10]",1,0,0,0,1,0,1,0,"(0, 10]"
620,0,2,male,26.0,0,0,10.5,S,0,1,0,0,1,0,1,0,"(20, 40]",0,1,0,0,1,0,1,0,"(20, 40]"
621,0,3,male,27.0,1,0,14.4542,C,0,1,1,0,0,0,0,1,"(20, 40]",0,1,1,0,0,0,0,1,"(20, 40]"
622,1,1,male,42.0,1,0,52.5542,S,0,1,0,0,1,1,0,0,"(40, 60]",0,1,0,0,1,1,0,0,"(40, 60]"
623,1,3,male,20.0,1,1,15.7417,C,0,1,1,0,0,0,0,1,"(10, 20]",0,1,1,0,0,0,0,1,"(10, 20]"
624,0,3,male,21.0,0,0,7.8542,S,0,1,0,0,1,0,0,1,"(20, 40]",0,1,0,0,1,0,0,1,"(20, 40]"
625,0,3,male,21.0,0,0,16.1,S,0,1,0,0,1,0,0,1,"(20, 40]",0,1,0,0,1,0,0,1,"(20, 40]"
626,0,1,male,61.0,0,0,32.3208,S,0,1,0,0,1,1,0,0,"(60, 80]",0,1,0,0,1,1,0,0,"(60, 80]"
627,0,2,male,57.0,0,0,12.35,Q,0,1,0,1,0,0,1,0,"(40, 60]",0,1,0,1,0,0,1,0,"(40, 60]"
628,1,1,female,21.0,0,0,77.9583,S,1,0,0,0,1,1,0,0,"(20, 40]",1,0,0,0,1,1,0,0,"(20, 40]"
629,0,3,male,26.0,0,0,7.8958,S,0,1,0,0,1,0,0,1,"(20, 40]",0,1,0,0,1,0,0,1,"(20, 40]"
630,0,3,male,28.0,0,0,7.7333,Q,0,1,0,1,0,0,0,1,"(20, 40]",0,1,0,1,0,0,0,1,"(20, 40]"
631,1,1,male,80.0,0,0,30.0,S,0,1,0,0,1,1,0,0,"(60, 80]",0,1,0,0,1,1,0,0,"(60, 80]"
632,0,3,male,51.0,0,0,7.0542,S,0,1,0,0,1,0,0,1,"(40, 60]",0,1,0,0,1,0,0,1,"(40, 60]"
633,1,1,male,32.0,0,0,30.5,C,0,1,1,0,0,1,0,0,"(20, 40]",0,1,1,0,0,1,0,0,"(20, 40]"
634,0,1,male,28.0,0,0,0.0,S,0,1,0,0,1,1,0,0,"(20, 40]",0,1,0,0,1,1,0,0,"(20, 40]"
635,0,3,female,9.0,3,2,27.9,S,1,0,0,0,1,0,0,1,"(0, 10]",1,0,0,0,1,0,0,1,"(0, 10]"
636,1,2,female,28.0,0,0,13.0,S,1,0,0,0,1,0,1,0,"(20, 40]",1,0,0,0,1,0,1,0,"(20, 40]"
637,0,3,male,32.0,0,0,7.925,S,0,1,0,0,1,0,0,1,"(20, 40]",0,1,0,0,1,0,0,1,"(20, 40]"
638,0,2,male,31.0,1,1,26.25,S,0,1,0,0,1,0,1,0,"(20, 40]",0,1,0,0,1,0,1,0,"(20, 40]"
639,0,3,female,41.0,0,5,39.6875,S,1,0,0,0,1,0,0,1,"(40, 60]",1,0,0,0,1,0,0,1,"(40, 60]"
640,0,3,male,28.0,1,0,16.1,S,0,1,0,0,1,0,0,1,"(20, 40]",0,1,0,0,1,0,0,1,"(20, 40]"
641,0,3,male,20.0,0,0,7.8542,S,0,1,0,0,1,0,0,1,"(10, 20]",0,1,0,0,1,0,0,1,"(10, 20]"
642,1,1,female,24.0,0,0,69.3,C,1,0,1,0,0,1,0,0,"(20, 40]",1,0,1,0,0,1,0,0,"(20, 40]"
643,0,3,female,2.0,3,2,27.9,S,1,0,0,0,1,0,0,1,"(0, 10]",1,0,0,0,1,0,0,1,"(0, 10]"
644,1,3,male,28.0,0,0,56.4958,S,0,1,0,0,1,0,0,1,"(20, 40]",0,1,0,0,1,0,0,1,"(20, 40]"
645,1,3,female,0.75,2,1,19.2583,C,1,0,1,0,0,0,0,1,"(0, 10]",1,0,1,0,0,0,0,1,"(0, 10]"
646,1,1,male,48.0,1,0,76.7292,C,0,1,1,0,0,1,0,0,"(40, 60]",0,1,1,0,0,1,0,0,"(40, 60]"
647,0,3,male,19.0,0,0,7.8958,S,0,1,0,0,1,0,0,1,"(10, 20]",0,1,0,0,1,0,0,1,"(10, 20]"
648,1,1,male,56.0,0,0,35.5,C,0,1,1,0,0,1,0,0,"(40, 60]",0,1,1,0,0,1,0,0,"(40, 60]"
649,0,3,male,28.0,0,0,7.55,S,0,1,0,0,1,0,0,1,"(20, 40]",0,1,0,0,1,0,0,1,"(20, 40]"
650,1,3,female,23.0,0,0,7.55,S,1,0,0,0,1,0,0,1,"(20, 40]",1,0,0,0,1,0,0,1,"(20, 40]"
651,0,3,male,28.0,0,0,7.8958,S,0,1,0,0,1,0,0,1,"(20, 40]",0,1,0,0,1,0,0,1,"(20, 40]"
652,1,2,female,18.0,0,1,23.0,S,1,0,0,0,1,0,1,0,"(10, 20]",1,0,0,0,1,0,1,0,"(10, 20]"
653,0,3,male,21.0,0,0,8.4333,S,0,1,0,0,1,0,0,1,"(20, 40]",0,1,0,0,1,0,0,1,"(20, 40]"
654,1,3,female,28.0,0,0,7.8292,Q,1,0,0,1,0,0,0,1,"(20, 40]",1,0,0,1,0,0,0,1,"(20, 40]"
655,0,3,female,18.0,0,0,6.75,Q,1,0,0,1,0,0,0,1,"(10, 20]",1,0,0,1,0,0,0,1,"(10, 20]"
656,0,2,male,24.0,2,0,73.5,S,0,1,0,0,1,0,1,0,"(20, 40]",0,1,0,0,1,0,1,0,"(20, 40]"
657,0,3,male,28.0,0,0,7.8958,S,0,1,0,0,1,0,0,1,"(20, 40]",0,1,0,0,1,0,0,1,"(20, 40]"
658,0,3,female,32.0,1,1,15.5,Q,1,0,0,1,0,0,0,1,"(20, 40]",1,0,0,1,0,0,0,1,"(20, 40]"
659,0,2,male,23.0,0,0,13.0,S,0,1,0,0,1,0,1,0,"(20, 40]",0,1,0,0,1,0,1,0,"(20, 40]"
660,0,1,male,58.0,0,2,113.275,C,0,1,1,0,0,1,0,0,"(40, 60]",0,1,1,0,0,1,0,0,"(40, 60]"
661,1,1,male,50.0,2,0,133.65,S,0,1,0,0,1,1,0,0,"(40, 60]",0,1,0,0,1,1,0,0,"(40, 60]"
662,0,3,male,40.0,0,0,7.225,C,0,1,1,0,0,0,0,1,"(20, 40]",0,1,1,0,0,0,0,1,"(20, 40]"
663,0,1,male,47.0,0,0,25.5875,S,0,1,0,0,1,1,0,0,"(40, 60]",0,1,0,0,1,1,0,0,"(40, 60]"
664,0,3,male,36.0,0,0,7.4958,S,0,1,0,0,1,0,0,1,"(20, 40]",0,1,0,0,1,0,0,1,"(20, 40]"
665,1,3,male,20.0,1,0,7.925,S,0,1,0,0,1,0,0,1,"(10, 20]",0,1,0,0,1,0,0,1,"(10, 20]"
666,0,2,male,32.0,2,0,73.5,S,0,1,0,0,1,0,1,0,"(20, 40]",0,1,0,0,1,0,1,0,"(20, 40]"
667,0,2,male,25.0,0,0,13.0,S,0,1,0,0,1,0,1,0,"(20, 40]",0,1,0,0,1,0,1,0,"(20, 40]"
668,0,3,male,28.0,0,0,7.775,S,0,1,0,0,1,0,0,1,"(20, 40]",0,1,0,0,1,0,0,1,"(20, 40]"
669,0,3,male,43.0,0,0,8.05,S,0,1,0,0,1,0,0,1,"(40, 60]",0,1,0,0,1,0,0,1,"(40, 60]"
670,1,1,female,28.0,1,0,52.0,S,1,0,0,0,1,1,0,0,"(20, 40]",1,0,0,0,1,1,0,0,"(20, 40]"
671,1,2,female,40.0,1,1,39.0,S,1,0,0,0,1,0,1,0,"(20, 40]",1,0,0,0,1,0,1,0,"(20, 40]"
672,0,1,male,31.0,1,0,52.0,S,0,1,0,0,1,1,0,0,"(20, 40]",0,1,0,0,1,1,0,0,"(20, 40]"
673,0,2,male,70.0,0,0,10.5,S,0,1,0,0,1,0,1,0,"(60, 80]",0,1,0,0,1,0,1,0,"(60, 80]"
674,1,2,male,31.0,0,0,13.0,S,0,1,0,0,1,0,1,0,"(20, 40]",0,1,0,0,1,0,1,0,"(20, 40]"
675,0,2,male,28.0,0,0,0.0,S,0,1,0,0,1,0,1,0,"(20, 40]",0,1,0,0,1,0,1,0,"(20, 40]"
676,0,3,male,18.0,0,0,7.775,S,0,1,0,0,1,0,0,1,"(10, 20]",0,1,0,0,1,0,0,1,"(10, 20]"
677,0,3,male,24.5,0,0,8.05,S,0,1,0,0,1,0,0,1,"(20, 40]",0,1,0,0,1,0,0,1,"(20, 40]"
678,1,3,female,18.0,0,0,9.8417,S,1,0,0,0,1,0,0,1,"(10, 20]",1,0,0,0,1,0,0,1,"(10, 20]"
679,0,3,female,43.0,1,6,46.9,S,1,0,0,0,1,0,0,1,"(40, 60]",1,0,0,0,1,0,0,1,"(40, 60]"
680,1,1,male,36.0,0,1,512.3292,C,0,1,1,0,0,1,0,0,"(20, 40]",0,1,1,0,0,1,0,0,"(20, 40]"
681,0,3,female,28.0,0,0,8.1375,Q,1,0,0,1,0,0,0,1,"(20, 40]",1,0,0,1,0,0,0,1,"(20, 40]"
682,1,1,male,27.0,0,0,76.7292,C,0,1,1,0,0,1,0,0,"(20, 40]",0,1,1,0,0,1,0,0,"(20, 40]"
683,0,3,male,20.0,0,0,9.225,S,0,1,0,0,1,0,0,1,"(10, 20]",0,1,0,0,1,0,0,1,"(10, 20]"
684,0,3,male,14.0,5,2,46.9,S,0,1,0,0,1,0,0,1,"(10, 20]",0,1,0,0,1,0,0,1,"(10, 20]"
685,0,2,male,60.0,1,1,39.0,S,0,1,0,0,1,0,1,0,"(40, 60]",0,1,0,0,1,0,1,0,"(40, 60]"
686,0,2,male,25.0,1,2,41.5792,C,0,1,1,0,0,0,1,0,"(20, 40]",0,1,1,0,0,0,1,0,"(20, 40]"
687,0,3,male,14.0,4,1,39.6875,S,0,1,0,0,1,0,0,1,"(10, 20]",0,1,0,0,1,0,0,1,"(10, 20]"
688,0,3,male,19.0,0,0,10.1708,S,0,1,0,0,1,0,0,1,"(10, 20]",0,1,0,0,1,0,0,1,"(10, 20]"
689,0,3,male,18.0,0,0,7.7958,S,0,1,0,0,1,0,0,1,"(10, 20]",0,1,0,0,1,0,0,1,"(10, 20]"
690,1,1,female,15.0,0,1,211.3375,S,1,0,0,0,1,1,0,0,"(10, 20]",1,0,0,0,1,1,0,0,"(10, 20]"
691,1,1,male,31.0,1,0,57.0,S,0,1,0,0,1,1,0,0,"(20, 40]",0,1,0,0,1,1,0,0,"(20, 40]"
692,1,3,female,4.0,0,1,13.4167,C,1,0,1,0,0,0,0,1,"(0, 10]",1,0,1,0,0,0,0,1,"(0, 10]"
693,1,3,male,28.0,0,0,56.4958,S,0,1,0,0,1,0,0,1,"(20, 40]",0,1,0,0,1,0,0,1,"(20, 40]"
694,0,3,male,25.0,0,0,7.225,C,0,1,1,0,0,0,0,1,"(20, 40]",0,1,1,0,0,0,0,1,"(20, 40]"
695,0,1,male,60.0,0,0,26.55,S,0,1,0,0,1,1,0,0,"(40, 60]",0,1,0,0,1,1,0,0,"(40, 60]"
696,0,2,male,52.0,0,0,13.5,S,0,1,0,0,1,0,1,0,"(40, 60]",0,1,0,0,1,0,1,0,"(40, 60]"
697,0,3,male,44.0,0,0,8.05,S,0,1,0,0,1,0,0,1,"(40, 60]",0,1,0,0,1,0,0,1,"(40, 60]"
698,1,3,female,28.0,0,0,7.7333,Q,1,0,0,1,0,0,0,1,"(20, 40]",1,0,0,1,0,0,0,1,"(20, 40]"
699,0,1,male,49.0,1,1,110.8833,C,0,1,1,0,0,1,0,0,"(40, 60]",0,1,1,0,0,1,0,0,"(40, 60]"
700,0,3,male,42.0,0,0,7.65,S,0,1,0,0,1,0,0,1,"(40, 60]",0,1,0,0,1,0,0,1,"(40, 60]"
701,1,1,female,18.0,1,0,227.525,C,1,0,1,0,0,1,0,0,"(10, 20]",1,0,1,0,0,1,0,0,"(10, 20]"
702,1,1,male,35.0,0,0,26.2875,S,0,1,0,0,1,1,0,0,"(20, 40]",0,1,0,0,1,1,0,0,"(20, 40]"
703,0,3,female,18.0,0,1,14.4542,C,1,0,1,0,0,0,0,1,"(10, 20]",1,0,1,0,0,0,0,1,"(10, 20]"
704,0,3,male,25.0,0,0,7.7417,Q,0,1,0,1,0,0,0,1,"(20, 40]",0,1,0,1,0,0,0,1,"(20, 40]"
705,0,3,male,26.0,1,0,7.8542,S,0,1,0,0,1,0,0,1,"(20, 40]",0,1,0,0,1,0,0,1,"(20, 40]"
706,0,2,male,39.0,0,0,26.0,S,0,1,0,0,1,0,1,0,"(20, 40]",0,1,0,0,1,0,1,0,"(20, 40]"
707,1,2,female,45.0,0,0,13.5,S,1,0,0,0,1,0,1,0,"(40, 60]",1,0,0,0,1,0,1,0,"(40, 60]"
708,1,1,male,42.0,0,0,26.2875,S,0,1,0,0,1,1,0,0,"(40, 60]",0,1,0,0,1,1,0,0,"(40, 60]"
709,1,1,female,22.0,0,0,151.55,S,1,0,0,0,1,1,0,0,"(20, 40]",1,0,0,0,1,1,0,0,"(20, 40]"
710,1,3,male,28.0,1,1,15.2458,C,0,1,1,0,0,0,0,1,"(20, 40]",0,1,1,0,0,0,0,1,"(20, 40]"
711,1,1,female,24.0,0,0,49.5042,C,1,0,1,0,0,1,0,0,"(20, 40]",1,0,1,0,0,1,0,0,"(20, 40]"
712,0,1,male,28.0,0,0,26.55,S,0,1,0,0,1,1,0,0,"(20, 40]",0,1,0,0,1,1,0,0,"(20, 40]"
713,1,1,male,48.0,1,0,52.0,S,0,1,0,0,1,1,0,0,"(40, 60]",0,1,0,0,1,1,0,0,"(40, 60]"
714,0,3,male,29.0,0,0,9.4833,S,0,1,0,0,1,0,0,1,"(20, 40]",0,1,0,0,1,0,0,1,"(20, 40]"
715,0,2,male,52.0,0,0,13.0,S,0,1,0,0,1,0,1,0,"(40, 60]",0,1,0,0,1,0,1,0,"(40, 60]"
716,0,3,male,19.0,0,0,7.65,S,0,1,0,0,1,0,0,1,"(10, 20]",0,1,0,0,1,0,0,1,"(10, 20]"
717,1,1,female,38.0,0,0,227.525,C,1,0,1,0,0,1,0,0,"(20, 40]",1,0,1,0,0,1,0,0,"(20, 40]"
718,1,2,female,27.0,0,0,10.5,S,1,0,0,0,1,0,1,0,"(20, 40]",1,0,0,0,1,0,1,0,"(20, 40]"
719,0,3,male,28.0,0,0,15.5,Q,0,1,0,1,0,0,0,1,"(20, 40]",0,1,0,1,0,0,0,1,"(20, 40]"
720,0,3,male,33.0,0,0,7.775,S,0,1,0,0,1,0,0,1,"(20, 40]",0,1,0,0,1,0,0,1,"(20, 40]"
721,1,2,female,6.0,0,1,33.0,S,1,0,0,0,1,0,1,0,"(0, 10]",1,0,0,0,1,0,1,0,"(0, 10]"
722,0,3,male,17.0,1,0,7.0542,S,0,1,0,0,1,0,0,1,"(10, 20]",0,1,0,0,1,0,0,1,"(10, 20]"
723,0,2,male,34.0,0,0,13.0,S,0,1,0,0,1,0,1,0,"(20, 40]",0,1,0,0,1,0,1,0,"(20, 40]"
724,0,2,male,50.0,0,0,13.0,S,0,1,0,0,1,0,1,0,"(40, 60]",0,1,0,0,1,0,1,0,"(40, 60]"
725,1,1,male,27.0,1,0,53.1,S,0,1,0,0,1,1,0,0,"(20, 40]",0,1,0,0,1,1,0,0,"(20, 40]"
726,0,3,male,20.0,0,0,8.6625,S,0,1,0,0,1,0,0,1,"(10, 20]",0,1,0,0,1,0,0,1,"(10, 20]"
727,1,2,female,30.0,3,0,21.0,S,1,0,0,0,1,0,1,0,"(20, 40]",1,0,0,0,1,0,1,0,"(20, 40]"
728,1,3,female,28.0,0,0,7.7375,Q,1,0,0,1,0,0,0,1,"(20, 40]",1,0,0,1,0,0,0,1,"(20, 40]"
729,0,2,male,25.0,1,0,26.0,S,0,1,0,0,1,0,1,0,"(20, 40]",0,1,0,0,1,0,1,0,"(20, 40]"
730,0,3,female,25.0,1,0,7.925,S,1,0,0,0,1,0,0,1,"(20, 40]",1,0,0,0,1,0,0,1,"(20, 40]"
731,1,1,female,29.0,0,0,211.3375,S,1,0,0,0,1,1,0,0,"(20, 40]",1,0,0,0,1,1,0,0,"(20, 40]"
732,0,3,male,11.0,0,0,18.7875,C,0,1,1,0,0,0,0,1,"(10, 20]",0,1,1,0,0,0,0,1,"(10, 20]"
733,0,2,male,28.0,0,0,0.0,S,0,1,0,0,1,0,1,0,"(20, 40]",0,1,0,0,1,0,1,0,"(20, 40]"
734,0,2,male,23.0,0,0,13.0,S,0,1,0,0,1,0,1,0,"(20, 40]",0,1,0,0,1,0,1,0,"(20, 40]"
735,0,2,male,23.0,0,0,13.0,S,0,1,0,0,1,0,1,0,"(20, 40]",0,1,0,0,1,0,1,0,"(20, 40]"
736,0,3,male,28.5,0,0,16.1,S,0,1,0,0,1,0,0,1,"(20, 40]",0,1,0,0,1,0,0,1,"(20, 40]"
737,0,3,female,48.0,1,3,34.375,S,1,0,0,0,1,0,0,1,"(40, 60]",1,0,0,0,1,0,0,1,"(40, 60]"
738,1,1,male,35.0,0,0,512.3292,C,0,1,1,0,0,1,0,0,"(20, 40]",0,1,1,0,0,1,0,0,"(20, 40]"
739,0,3,male,28.0,0,0,7.8958,S,0,1,0,0,1,0,0,1,"(20, 40]",0,1,0,0,1,0,0,1,"(20, 40]"
740,0,3,male,28.0,0,0,7.8958,S,0,1,0,0,1,0,0,1,"(20, 40]",0,1,0,0,1,0,0,1,"(20, 40]"
741,1,1,male,28.0,0,0,30.0,S,0,1,0,0,1,1,0,0,"(20, 40]",0,1,0,0,1,1,0,0,"(20, 40]"
742,0,1,male,36.0,1,0,78.85,S,0,1,0,0,1,1,0,0,"(20, 40]",0,1,0,0,1,1,0,0,"(20, 40]"
743,1,1,female,21.0,2,2,262.375,C,1,0,1,0,0,1,0,0,"(20, 40]",1,0,1,0,0,1,0,0,"(20, 40]"
744,0,3,male,24.0,1,0,16.1,S,0,1,0,0,1,0,0,1,"(20, 40]",0,1,0,0,1,0,0,1,"(20, 40]"
745,1,3,male,31.0,0,0,7.925,S,0,1,0,0,1,0,0,1,"(20, 40]",0,1,0,0,1,0,0,1,"(20, 40]"
746,0,1,male,70.0,1,1,71.0,S,0,1,0,0,1,1,0,0,"(60, 80]",0,1,0,0,1,1,0,0,"(60, 80]"
747,0,3,male,16.0,1,1,20.25,S,0,1,0,0,1,0,0,1,"(10, 20]",0,1,0,0,1,0,0,1,"(10, 20]"
748,1,2,female,30.0,0,0,13.0,S,1,0,0,0,1,0,1,0,"(20, 40]",1,0,0,0,1,0,1,0,"(20, 40]"
749,0,1,male,19.0,1,0,53.1,S,0,1,0,0,1,1,0,0,"(10, 20]",0,1,0,0,1,1,0,0,"(10, 20]"
750,0,3,male,31.0,0,0,7.75,Q,0,1,0,1,0,0,0,1,"(20, 40]",0,1,0,1,0,0,0,1,"(20, 40]"
751,1,2,female,4.0,1,1,23.0,S,1,0,0,0,1,0,1,0,"(0, 10]",1,0,0,0,1,0,1,0,"(0, 10]"
752,1,3,male,6.0,0,1,12.475,S,0,1,0,0,1,0,0,1,"(0, 10]",0,1,0,0,1,0,0,1,"(0, 10]"
753,0,3,male,33.0,0,0,9.5,S,0,1,0,0,1,0,0,1,"(20, 40]",0,1,0,0,1,0,0,1,"(20, 40]"
754,0,3,male,23.0,0,0,7.8958,S,0,1,0,0,1,0,0,1,"(20, 40]",0,1,0,0,1,0,0,1,"(20, 40]"
755,1,2,female,48.0,1,2,65.0,S,1,0,0,0,1,0,1,0,"(40, 60]",1,0,0,0,1,0,1,0,"(40, 60]"
756,1,2,male,0.67,1,1,14.5,S,0,1,0,0,1,0,1,0,"(0, 10]",0,1,0,0,1,0,1,0,"(0, 10]"
757,0,3,male,28.0,0,0,7.7958,S,0,1,0,0,1,0,0,1,"(20, 40]",0,1,0,0,1,0,0,1,"(20, 40]"
758,0,2,male,18.0,0,0,11.5,S,0,1,0,0,1,0,1,0,"(10, 20]",0,1,0,0,1,0,1,0,"(10, 20]"
759,0,3,male,34.0,0,0,8.05,S,0,1,0,0,1,0,0,1,"(20, 40]",0,1,0,0,1,0,0,1,"(20, 40]"
760,1,1,female,33.0,0,0,86.5,S,1,0,0,0,1,1,0,0,"(20, 40]",1,0,0,0,1,1,0,0,"(20, 40]"
761,0,3,male,28.0,0,0,14.5,S,0,1,0,0,1,0,0,1,"(20, 40]",0,1,0,0,1,0,0,1,"(20, 40]"
762,0,3,male,41.0,0,0,7.125,S,0,1,0,0,1,0,0,1,"(40, 60]",0,1,0,0,1,0,0,1,"(40, 60]"
763,1,3,male,20.0,0,0,7.2292,C,0,1,1,0,0,0,0,1,"(10, 20]",0,1,1,0,0,0,0,1,"(10, 20]"
764,1,1,female,36.0,1,2,120.0,S,1,0,0,0,1,1,0,0,"(20, 40]",1,0,0,0,1,1,0,0,"(20, 40]"
765,0,3,male,16.0,0,0,7.775,S,0,1,0,0,1,0,0,1,"(10, 20]",0,1,0,0,1,0,0,1,"(10, 20]"
766,1,1,female,51.0,1,0,77.9583,S,1,0,0,0,1,1,0,0,"(40, 60]",1,0,0,0,1,1,0,0,"(40, 60]"
767,0,1,male,28.0,0,0,39.6,C,0,1,1,0,0,1,0,0,"(20, 40]",0,1,1,0,0,1,0,0,"(20, 40]"
768,0,3,female,30.5,0,0,7.75,Q,1,0,0,1,0,0,0,1,"(20, 40]",1,0,0,1,0,0,0,1,"(20, 40]"
769,0,3,male,28.0,1,0,24.15,Q,0,1,0,1,0,0,0,1,"(20, 40]",0,1,0,1,0,0,0,1,"(20, 40]"
770,0,3,male,32.0,0,0,8.3625,S,0,1,0,0,1,0,0,1,"(20, 40]",0,1,0,0,1,0,0,1,"(20, 40]"
771,0,3,male,24.0,0,0,9.5,S,0,1,0,0,1,0,0,1,"(20, 40]",0,1,0,0,1,0,0,1,"(20, 40]"
772,0,3,male,48.0,0,0,7.8542,S,0,1,0,0,1,0,0,1,"(40, 60]",0,1,0,0,1,0,0,1,"(40, 60]"
773,0,2,female,57.0,0,0,10.5,S,1,0,0,0,1,0,1,0,"(40, 60]",1,0,0,0,1,0,1,0,"(40, 60]"
774,0,3,male,28.0,0,0,7.225,C,0,1,1,0,0,0,0,1,"(20, 40]",0,1,1,0,0,0,0,1,"(20, 40]"
775,1,2,female,54.0,1,3,23.0,S,1,0,0,0,1,0,1,0,"(40, 60]",1,0,0,0,1,0,1,0,"(40, 60]"
776,0,3,male,18.0,0,0,7.75,S,0,1,0,0,1,0,0,1,"(10, 20]",0,1,0,0,1,0,0,1,"(10, 20]"
777,0,3,male,28.0,0,0,7.75,Q,0,1,0,1,0,0,0,1,"(20, 40]",0,1,0,1,0,0,0,1,"(20, 40]"
778,1,3,female,5.0,0,0,12.475,S,1,0,0,0,1,0,0,1,"(0, 10]",1,0,0,0,1,0,0,1,"(0, 10]"
779,0,3,male,28.0,0,0,7.7375,Q,0,1,0,1,0,0,0,1,"(20, 40]",0,1,0,1,0,0,0,1,"(20, 40]"
780,1,1,female,43.0,0,1,211.3375,S,1,0,0,0,1,1,0,0,"(40, 60]",1,0,0,0,1,1,0,0,"(40, 60]"
781,1,3,female,13.0,0,0,7.2292,C,1,0,1,0,0,0,0,1,"(10, 20]",1,0,1,0,0,0,0,1,"(10, 20]"
782,1,1,female,17.0,1,0,57.0,S,1,0,0,0,1,1,0,0,"(10, 20]",1,0,0,0,1,1,0,0,"(10, 20]"
783,0,1,male,29.0,0,0,30.0,S,0,1,0,0,1,1,0,0,"(20, 40]",0,1,0,0,1,1,0,0,"(20, 40]"
784,0,3,male,28.0,1,2,23.45,S,0,1,0,0,1,0,0,1,"(20, 40]",0,1,0,0,1,0,0,1,"(20, 40]"
785,0,3,male,25.0,0,0,7.05,S,0,1,0,0,1,0,0,1,"(20, 40]",0,1,0,0,1,0,0,1,"(20, 40]"
786,0,3,male,25.0,0,0,7.25,S,0,1,0,0,1,0,0,1,"(20, 40]",0,1,0,0,1,0,0,1,"(20, 40]"
787,1,3,female,18.0,0,0,7.4958,S,1,0,0,0,1,0,0,1,"(10, 20]",1,0,0,0,1,0,0,1,"(10, 20]"
788,0,3,male,8.0,4,1,29.125,Q,0,1,0,1,0,0,0,1,"(0, 10]",0,1,0,1,0,0,0,1,"(0, 10]"
789,1,3,male,1.0,1,2,20.575,S,0,1,0,0,1,0,0,1,"(0, 10]",0,1,0,0,1,0,0,1,"(0, 10]"
790,0,1,male,46.0,0,0,79.2,C,0,1,1,0,0,1,0,0,"(40, 60]",0,1,1,0,0,1,0,0,"(40, 60]"
791,0,3,male,28.0,0,0,7.75,Q,0,1,0,1,0,0,0,1,"(20, 40]",0,1,0,1,0,0,0,1,"(20, 40]"
792,0,2,male,16.0,0,0,26.0,S,0,1,0,0,1,0,1,0,"(10, 20]",0,1,0,0,1,0,1,0,"(10, 20]"
793,0,3,female,28.0,8,2,69.55,S,1,0,0,0,1,0,0,1,"(20, 40]",1,0,0,0,1,0,0,1,"(20, 40]"
794,0,1,male,28.0,0,0,30.6958,C,0,1,1,0,0,1,0,0,"(20, 40]",0,1,1,0,0,1,0,0,"(20, 40]"
795,0,3,male,25.0,0,0,7.8958,S,0,1,0,0,1,0,0,1,"(20, 40]",0,1,0,0,1,0,0,1,"(20, 40]"
796,0,2,male,39.0,0,0,13.0,S,0,1,0,0,1,0,1,0,"(20, 40]",0,1,0,0,1,0,1,0,"(20, 40]"
797,1,1,female,49.0,0,0,25.9292,S,1,0,0,0,1,1,0,0,"(40, 60]",1,0,0,0,1,1,0,0,"(40, 60]"
798,1,3,female,31.0,0,0,8.6833,S,1,0,0,0,1,0,0,1,"(20, 40]",1,0,0,0,1,0,0,1,"(20, 40]"
799,0,3,male,30.0,0,0,7.2292,C,0,1,1,0,0,0,0,1,"(20, 40]",0,1,1,0,0,0,0,1,"(20, 40]"
800,0,3,female,30.0,1,1,24.15,S,1,0,0,0,1,0,0,1,"(20, 40]",1,0,0,0,1,0,0,1,"(20, 40]"
801,0,2,male,34.0,0,0,13.0,S,0,1,0,0,1,0,1,0,"(20, 40]",0,1,0,0,1,0,1,0,"(20, 40]"
802,1,2,female,31.0,1,1,26.25,S,1,0,0,0,1,0,1,0,"(20, 40]",1,0,0,0,1,0,1,0,"(20, 40]"
803,1,1,male,11.0,1,2,120.0,S,0,1,0,0,1,1,0,0,"(10, 20]",0,1,0,0,1,1,0,0,"(10, 20]"
804,1,3,male,0.42,0,1,8.5167,C,0,1,1,0,0,0,0,1,"(0, 10]",0,1,1,0,0,0,0,1,"(0, 10]"
805,1,3,male,27.0,0,0,6.975,S,0,1,0,0,1,0,0,1,"(20, 40]",0,1,0,0,1,0,0,1,"(20, 40]"
806,0,3,male,31.0,0,0,7.775,S,0,1,0,0,1,0,0,1,"(20, 40]",0,1,0,0,1,0,0,1,"(20, 40]"
807,0,1,male,39.0,0,0,0.0,S,0,1,0,0,1,1,0,0,"(20, 40]",0,1,0,0,1,1,0,0,"(20, 40]"
808,0,3,female,18.0,0,0,7.775,S,1,0,0,0,1,0,0,1,"(10, 20]",1,0,0,0,1,0,0,1,"(10, 20]"
809,0,2,male,39.0,0,0,13.0,S,0,1,0,0,1,0,1,0,"(20, 40]",0,1,0,0,1,0,1,0,"(20, 40]"
810,1,1,female,33.0,1,0,53.1,S,1,0,0,0,1,1,0,0,"(20, 40]",1,0,0,0,1,1,0,0,"(20, 40]"
811,0,3,male,26.0,0,0,7.8875,S,0,1,0,0,1,0,0,1,"(20, 40]",0,1,0,0,1,0,0,1,"(20, 40]"
812,0,3,male,39.0,0,0,24.15,S,0,1,0,0,1,0,0,1,"(20, 40]",0,1,0,0,1,0,0,1,"(20, 40]"
813,0,2,male,35.0,0,0,10.5,S,0,1,0,0,1,0,1,0,"(20, 40]",0,1,0,0,1,0,1,0,"(20, 40]"
814,0,3,female,6.0,4,2,31.275,S,1,0,0,0,1,0,0,1,"(0, 10]",1,0,0,0,1,0,0,1,"(0, 10]"
815,0,3,male,30.5,0,0,8.05,S,0,1,0,0,1,0,0,1,"(20, 40]",0,1,0,0,1,0,0,1,"(20, 40]"
816,0,1,male,28.0,0,0,0.0,S,0,1,0,0,1,1,0,0,"(20, 40]",0,1,0,0,1,1,0,0,"(20, 40]"
817,0,3,female,23.0,0,0,7.925,S,1,0,0,0,1,0,0,1,"(20, 40]",1,0,0,0,1,0,0,1,"(20, 40]"
818,0,2,male,31.0,1,1,37.0042,C,0,1,1,0,0,0,1,0,"(20, 40]",0,1,1,0,0,0,1,0,"(20, 40]"
819,0,3,male,43.0,0,0,6.45,S,0,1,0,0,1,0,0,1,"(40, 60]",0,1,0,0,1,0,0,1,"(40, 60]"
820,0,3,male,10.0,3,2,27.9,S,0,1,0,0,1,0,0,1,"(0, 10]",0,1,0,0,1,0,0,1,"(0, 10]"
821,1,1,female,52.0,1,1,93.5,S,1,0,0,0,1,1,0,0,"(40, 60]",1,0,0,0,1,1,0,0,"(40, 60]"
822,1,3,male,27.0,0,0,8.6625,S,0,1,0,0,1,0,0,1,"(20, 40]",0,1,0,0,1,0,0,1,"(20, 40]"
823,0,1,male,38.0,0,0,0.0,S,0,1,0,0,1,1,0,0,"(20, 40]",0,1,0,0,1,1,0,0,"(20, 40]"
824,1,3,female,27.0,0,1,12.475,S,1,0,0,0,1,0,0,1,"(20, 40]",1,0,0,0,1,0,0,1,"(20, 40]"
825,0,3,male,2.0,4,1,39.6875,S,0,1,0,0,1,0,0,1,"(0, 10]",0,1,0,0,1,0,0,1,"(0, 10]"
826,0,3,male,28.0,0,0,6.95,Q,0,1,0,1,0,0,0,1,"(20, 40]",0,1,0,1,0,0,0,1,"(20, 40]"
827,0,3,male,28.0,0,0,56.4958,S,0,1,0,0,1,0,0,1,"(20, 40]",0,1,0,0,1,0,0,1,"(20, 40]"
828,1,2,male,1.0,0,2,37.0042,C,0,1,1,0,0,0,1,0,"(0, 10]",0,1,1,0,0,0,1,0,"(0, 10]"
829,1,3,male,28.0,0,0,7.75,Q,0,1,0,1,0,0,0,1,"(20, 40]",0,1,0,1,0,0,0,1,"(20, 40]"
830,1,1,female,62.0,0,0,80.0,S,1,0,0,0,1,1,0,0,"(60, 80]",1,0,0,0,1,1,0,0,"(60, 80]"
831,1,3,female,15.0,1,0,14.4542,C,1,0,1,0,0,0,0,1,"(10, 20]",1,0,1,0,0,0,0,1,"(10, 20]"
832,1,2,male,0.83,1,1,18.75,S,0,1,0,0,1,0,1,0,"(0, 10]",0,1,0,0,1,0,1,0,"(0, 10]"
833,0,3,male,28.0,0,0,7.2292,C,0,1,1,0,0,0,0,1,"(20, 40]",0,1,1,0,0,0,0,1,"(20, 40]"
834,0,3,male,23.0,0,0,7.8542,S,0,1,0,0,1,0,0,1,"(20, 40]",0,1,0,0,1,0,0,1,"(20, 40]"
835,0,3,male,18.0,0,0,8.3,S,0,1,0,0,1,0,0,1,"(10, 20]",0,1,0,0,1,0,0,1,"(10, 20]"
836,1,1,female,39.0,1,1,83.1583,C,1,0,1,0,0,1,0,0,"(20, 40]",1,0,1,0,0,1,0,0,"(20, 40]"
837,0,3,male,21.0,0,0,8.6625,S,0,1,0,0,1,0,0,1,"(20, 40]",0,1,0,0,1,0,0,1,"(20, 40]"
838,0,3,male,28.0,0,0,8.05,S,0,1,0,0,1,0,0,1,"(20, 40]",0,1,0,0,1,0,0,1,"(20, 40]"
839,1,3,male,32.0,0,0,56.4958,S,0,1,0,0,1,0,0,1,"(20, 40]",0,1,0,0,1,0,0,1,"(20, 40]"
840,1,1,male,28.0,0,0,29.7,C,0,1,1,0,0,1,0,0,"(20, 40]",0,1,1,0,0,1,0,0,"(20, 40]"
841,0,3,male,20.0,0,0,7.925,S,0,1,0,0,1,0,0,1,"(10, 20]",0,1,0,0,1,0,0,1,"(10, 20]"
842,0,2,male,16.0,0,0,10.5,S,0,1,0,0,1,0,1,0,"(10, 20]",0,1,0,0,1,0,1,0,"(10, 20]"
843,1,1,female,30.0,0,0,31.0,C,1,0,1,0,0,1,0,0,"(20, 40]",1,0,1,0,0,1,0,0,"(20, 40]"
844,0,3,male,34.5,0,0,6.4375,C,0,1,1,0,0,0,0,1,"(20, 40]",0,1,1,0,0,0,0,1,"(20, 40]"
845,0,3,male,17.0,0,0,8.6625,S,0,1,0,0,1,0,0,1,"(10, 20]",0,1,0,0,1,0,0,1,"(10, 20]"
846,0,3,male,42.0,0,0,7.55,S,0,1,0,0,1,0,0,1,"(40, 60]",0,1,0,0,1,0,0,1,"(40, 60]"
847,0,3,male,28.0,8,2,69.55,S,0,1,0,0,1,0,0,1,"(20, 40]",0,1,0,0,1,0,0,1,"(20, 40]"
848,0,3,male,35.0,0,0,7.8958,C,0,1,1,0,0,0,0,1,"(20, 40]",0,1,1,0,0,0,0,1,"(20, 40]"
849,0,2,male,28.0,0,1,33.0,S,0,1,0,0,1,0,1,0,"(20, 40]",0,1,0,0,1,0,1,0,"(20, 40]"
850,1,1,female,28.0,1,0,89.1042,C,1,0,1,0,0,1,0,0,"(20, 40]",1,0,1,0,0,1,0,0,"(20, 40]"
851,0,3,male,4.0,4,2,31.275,S,0,1,0,0,1,0,0,1,"(0, 10]",0,1,0,0,1,0,0,1,"(0, 10]"
852,0,3,male,74.0,0,0,7.775,S,0,1,0,0,1,0,0,1,"(60, 80]",0,1,0,0,1,0,0,1,"(60, 80]"
853,0,3,female,9.0,1,1,15.2458,C,1,0,1,0,0,0,0,1,"(0, 10]",1,0,1,0,0,0,0,1,"(0, 10]"
854,1,1,female,16.0,0,1,39.4,S,1,0,0,0,1,1,0,0,"(10, 20]",1,0,0,0,1,1,0,0,"(10, 20]"
855,0,2,female,44.0,1,0,26.0,S,1,0,0,0,1,0,1,0,"(40, 60]",1,0,0,0,1,0,1,0,"(40, 60]"
856,1,3,female,18.0,0,1,9.35,S,1,0,0,0,1,0,0,1,"(10, 20]",1,0,0,0,1,0,0,1,"(10, 20]"
857,1,1,female,45.0,1,1,164.8667,S,1,0,0,0,1,1,0,0,"(40, 60]",1,0,0,0,1,1,0,0,"(40, 60]"
858,1,1,male,51.0,0,0,26.55,S,0,1,0,0,1,1,0,0,"(40, 60]",0,1,0,0,1,1,0,0,"(40, 60]"
859,1,3,female,24.0,0,3,19.2583,C,1,0,1,0,0,0,0,1,"(20, 40]",1,0,1,0,0,0,0,1,"(20, 40]"
860,0,3,male,28.0,0,0,7.2292,C,0,1,1,0,0,0,0,1,"(20, 40]",0,1,1,0,0,0,0,1,"(20, 40]"
861,0,3,male,41.0,2,0,14.1083,S,0,1,0,0,1,0,0,1,"(40, 60]",0,1,0,0,1,0,0,1,"(40, 60]"
862,0,2,male,21.0,1,0,11.5,S,0,1,0,0,1,0,1,0,"(20, 40]",0,1,0,0,1,0,1,0,"(20, 40]"
863,1,1,female,48.0,0,0,25.9292,S,1,0,0,0,1,1,0,0,"(40, 60]",1,0,0,0,1,1,0,0,"(40, 60]"
864,0,3,female,28.0,8,2,69.55,S,1,0,0,0,1,0,0,1,"(20, 40]",1,0,0,0,1,0,0,1,"(20, 40]"
865,0,2,male,24.0,0,0,13.0,S,0,1,0,0,1,0,1,0,"(20, 40]",0,1,0,0,1,0,1,0,"(20, 40]"
866,1,2,female,42.0,0,0,13.0,S,1,0,0,0,1,0,1,0,"(40, 60]",1,0,0,0,1,0,1,0,"(40, 60]"
867,1,2,female,27.0,1,0,13.8583,C,1,0,1,0,0,0,1,0,"(20, 40]",1,0,1,0,0,0,1,0,"(20, 40]"
868,0,1,male,31.0,0,0,50.4958,S,0,1,0,0,1,1,0,0,"(20, 40]",0,1,0,0,1,1,0,0,"(20, 40]"
869,0,3,male,28.0,0,0,9.5,S,0,1,0,0,1,0,0,1,"(20, 40]",0,1,0,0,1,0,0,1,"(20, 40]"
870,1,3,male,4.0,1,1,11.1333,S,0,1,0,0,1,0,0,1,"(0, 10]",0,1,0,0,1,0,0,1,"(0, 10]"
871,0,3,male,26.0,0,0,7.8958,S,0,1,0,0,1,0,0,1,"(20, 40]",0,1,0,0,1,0,0,1,"(20, 40]"
872,1,1,female,47.0,1,1,52.5542,S,1,0,0,0,1,1,0,0,"(40, 60]",1,0,0,0,1,1,0,0,"(40, 60]"
873,0,1,male,33.0,0,0,5.0,S,0,1,0,0,1,1,0,0,"(20, 40]",0,1,0,0,1,1,0,0,"(20, 40]"
874,0,3,male,47.0,0,0,9.0,S,0,1,0,0,1,0,0,1,"(40, 60]",0,1,0,0,1,0,0,1,"(40, 60]"
875,1,2,female,28.0,1,0,24.0,C,1,0,1,0,0,0,1,0,"(20, 40]",1,0,1,0,0,0,1,0,"(20, 40]"
876,1,3,female,15.0,0,0,7.225,C,1,0,1,0,0,0,0,1,"(10, 20]",1,0,1,0,0,0,0,1,"(10, 20]"
877,0,3,male,20.0,0,0,9.8458,S,0,1,0,0,1,0,0,1,"(10, 20]",0,1,0,0,1,0,0,1,"(10, 20]"
878,0,3,male,19.0,0,0,7.8958,S,0,1,0,0,1,0,0,1,"(10, 20]",0,1,0,0,1,0,0,1,"(10, 20]"
879,0,3,male,28.0,0,0,7.8958,S,0,1,0,0,1,0,0,1,"(20, 40]",0,1,0,0,1,0,0,1,"(20, 40]"
880,1,1,female,56.0,0,1,83.1583,C,1,0,1,0,0,1,0,0,"(40, 60]",1,0,1,0,0,1,0,0,"(40, 60]"
881,1,2,female,25.0,0,1,26.0,S,1,0,0,0,1,0,1,0,"(20, 40]",1,0,0,0,1,0,1,0,"(20, 40]"
882,0,3,male,33.0,0,0,7.8958,S,0,1,0,0,1,0,0,1,"(20, 40]",0,1,0,0,1,0,0,1,"(20, 40]"
883,0,3,female,22.0,0,0,10.5167,S,1,0,0,0,1,0,0,1,"(20, 40]",1,0,0,0,1,0,0,1,"(20, 40]"
884,0,2,male,28.0,0,0,10.5,S,0,1,0,0,1,0,1,0,"(20, 40]",0,1,0,0,1,0,1,0,"(20, 40]"
885,0,3,male,25.0,0,0,7.05,S,0,1,0,0,1,0,0,1,"(20, 40]",0,1,0,0,1,0,0,1,"(20, 40]"
886,0,3,female,39.0,0,5,29.125,Q,1,0,0,1,0,0,0,1,"(20, 40]",1,0,0,1,0,0,0,1,"(20, 40]"
887,0,2,male,27.0,0,0,13.0,S,0,1,0,0,1,0,1,0,"(20, 40]",0,1,0,0,1,0,1,0,"(20, 40]"
888,1,1,female,19.0,0,0,30.0,S,1,0,0,0,1,1,0,0,"(10, 20]",1,0,0,0,1,1,0,0,"(10, 20]"
889,0,3,female,28.0,1,2,23.45,S,1,0,0,0,1,0,0,1,"(20, 40]",1,0,0,0,1,0,0,1,"(20, 40]"
890,1,1,male,26.0,0,0,30.0,C,0,1,1,0,0,1,0,0,"(20, 40]",0,1,1,0,0,1,0,0,"(20, 40]"
891,0,3,male,32.0,0,0,7.75,Q,0,1,0,1,0,0,0,1,"(20, 40]",0,1,0,1,0,0,0,1,"(20, 40]"
